업무,공고번호-차수,분류,공고명,공고기관,수요기관,계약방법,입력일시(입찰마감일시),
용역,20200519467-01,변경,재난피해 지역사회 현황조사,재단법인 416재단,재단법인 416재단,일반(총액)협상에의한계약,2020/05/15 23:16(2020/06/01 17:00),
용역,20200519468-00,긴급,"서울대학교 수의과대학 동물이용 생물안전3등급(ABL3) 연구시설 보완공사, 검증 및 유지보수용역",서울대학교 대학 수의과대학,서울대학교 대학 수의과대학,일반경쟁,2020/05/15 23:15(2020/05/25 10:00),
용역,20200519462-01,취소,재난피해 지역사회 현황조사,재단법인 416재단,재단법인 416재단,일반(총액)협상에의한계약,2020/05/15 23:00(2020/05/26 17:00),
용역,20200519460-01,취소,재난피해 지역사회 현황조사,재단법인 416재단,재단법인 416재단,일반(총액)협상에의한계약,2020/05/15 22:33(2020/05/26 17:00),
용역,20200513347-01,취소,재난피해 지역사회 현황조사,재단법인 416재단,재단법인 416재단,일반(총액)협상에의한계약,2020/05/15 22:19(2020/05/26 17:00),
용역,20200519459-00,일반,다대포 해수욕장 노을정 하수토구 정비공사 폐기물처리용역,부산광역시 사하구,부산광역시 사하구,수의(총액)소액-견적입찰(2인 이상 견적 제출),2020/05/15 22:12(2020/05/21 10:00),
용역,20200519404-00,긴급,2020평창평화페스티벌 기획 및 운영 총괄대행사 선정 입찰 공고[긴급],재단법인 평창문화예술재단,재단법인 평창문화예술재단,제한(총액)협상에의한계약,2020/05/15 20:43(-),
용역,20200519450-00,긴급,아리랑문학마을 역사체험 콘텐츠 라이브스케치 구축 용역,전라북도 김제시,전라북도 김제시,제한(총액)협상에의한계약,2020/05/15 20:35(-),
용역,20200512055-00,일반,축산업정보 통합관리시스템 구축 PMO,조달청,축산물품질평가원,일반(총액)협상에의한계약,2020/05/15 20:35(2020/06/10 10:00),
용역,20200429819-00,긴급,방사능영향평가 정보시스템 통합연계체계 구축 (1차),조달청,한국원자력안전기술원,제한(총액)협상에의한계약,2020/05/15 20:26(2020/06/10 10:00),
용역,20200519449-00,일반,2020 숲속 평화콘서트 기획 및 운영 총괄대행사 선정 입찰 공고,재단법인 평창문화예술재단,재단법인 평창문화예술재단,제한(총액)협상에의한계약,2020/05/15 20:23(-),
용역,20200509954-00,긴급,2020년 국가연구안전정보시스템 고도화,조달청,한국생명공학연구원,제한(총액)협상에의한계약,2020/05/15 20:16(2020/06/10 10:00),
용역,20200509948-00,긴급,바이오 R&D 산업화 촉진 정보종합시스템 구축(4차년도),조달청,한국생명공학연구원,제한(총액)협상에의한계약,2020/05/15 20:11(2020/06/10 10:00),
용역,20200519440-00,긴급,해금강마을 하수관로 정비사업 수밀시험 및 CCTV조사용역,경상남도 거제시,경상남도 거제시,제한경쟁,2020/05/15 19:51(2020/05/22 10:00),
용역,20200519436-00,긴급,해금강마을 공공하수도사업 GIS DB구축 용역,경상남도 거제시,경상남도 거제시,제한경쟁,2020/05/15 19:43(2020/05/22 10:00),
용역,20200519432-00,긴급,망치·망양·양화마을 공공하수도사업 GIS DB구축 용역,경상남도 거제시,경상남도 거제시,제한경쟁,2020/05/15 19:35(2020/05/22 10:00),
용역,20200519431-00,일반,산북면 이곡리 갯마천 정비공사 건설폐기물처리용역,경상북도 문경시,경상북도 문경시,수의(총액)소액-견적입찰(2인 이상 견적 제출),2020/05/15 19:33(2020/05/22 10:00),
용역,20200509309-01,취소,광명동굴 예매발권 시스템 임대 및 위탁 용역(협상에 의한 계약)[긴급],광명도시공사,광명도시공사,제한(총액)협상에의한계약,2020/05/15 19:31(2020/05/19 17:00),
용역,20200519428-00,일반,문경 조령관문(1관문 성곽)보수 감리용역,경상북도 문경시,경상북도 문경시,수의(총액)소액-견적입찰(2인 이상 견적 제출),2020/05/15 19:29(2020/05/22 10:00),
용역,20200519422-00,긴급,고령군 도로 및 지하시설물 전산화사업(2단계)(협상에의한 계약),경상북도 고령군,경상북도 고령군,제한(총액)협상에의한계약,2020/05/15 19:18(-),
용역,20200519411-00,긴급,의성 펫월드 펫카페 위탁운영자 모집(협상에 의한 계약),경상북도 의성군,경상북도 의성군,일반(총액)협상에의한계약,2020/05/15 19:17(-),
용역,20200519405-00,긴급,소정지구 자연재해위험지구 개선사업 기본 및 실시설계 용역(PQ 후 가격입찰),충청남도 서산시,충청남도 서산시,일반경쟁,2020/05/15 19:11(-),
용역,20200519415-00,긴급,의정부시 보행교통개선 기본계획 수립용역(긴급),경기도 의정부시,경기도 의정부시,제한경쟁,2020/05/15 19:05(2020/05/21 10:00),
용역,20200519402-00,긴급,민락2지구(푸른마당 근린공원) 지구단위계획 변경 용역(긴급),경기도 의정부시,경기도 의정부시,제한경쟁,2020/05/15 19:00(2020/05/21 10:00),
용역,20200518218-00,일반,영동산업단지 주변마을 지방상수도 확장사업 건설사업관리용역,조달청,충청북도 영동군,"일반경쟁(용역,PQ)",2020/05/15 18:51(2020/06/11 10:00),
용역,20200518482-00,일반,증평군 노후하수관로 정비사업 감독권한대행등 건설사업관리용역,조달청,충청북도 증평군 상하수도사업소,"일반경쟁(용역,PQ)",2020/05/15 18:50(2020/06/11 10:00),
용역,20200517912-00,일반,2020년 (재)부산정보산업진흥원 입주지원센터 인터넷 전용선 서비스(ISP) 용역,재단법인 부산정보산업진흥원,재단법인 부산정보산업진흥원,수의(총액)소액-견적입찰(2인 이상 견적 제출),2020/05/15 18:47(2020/05/21 14:00),
용역,20200519390-00,일반,수곡지구 우수저류시설 설치사업 폐기물처리용역,충청북도 청주시,충청북도 청주시,제한(총액),2020/05/15 18:45(2020/05/25 10:00),
용역,20200519389-00,일반,사업관리시스템 고도화 및 검인정시스템 개발 사업,한국과학창의재단,한국과학창의재단,제한(총액)협상에의한계약,2020/05/15 18:42(2020/05/26 10:00),
용역,20200519385-00,긴급,의정부시 도로건설·관리계획(변경)수립 용역(긴급),경기도 의정부시,경기도 의정부시,일반경쟁,2020/05/15 18:41(2020/05/21 10:00),
용역,20200519373-00,일반,중앙오수간선관로 정비사업 건설사업관리용역(PQ후 가격입찰),광주광역시,광주광역시,일반경쟁,2020/05/15 18:26(2020/05/25 12:00),
용역,20200519367-00,긴급,안골새공원 조성사업 폐기물처리용역,부산광역시 사하구,부산광역시 사하구,제한(총액),2020/05/15 18:25(2020/05/21 10:30),
용역,20200519364-00,일반,악양면 평사리 황금들판 들녘아트 조성사업,경상남도 하동군,경상남도 하동군,제한(총액),2020/05/15 18:23(2020/05/21 10:00),
용역,20200519365-00,긴급,함안군민 안전보험 가입,경상남도 함안군,경상남도 함안군,수의(총액)소액-견적입찰(2인 이상 견적 제출),2020/05/15 18:23(2020/05/21 10:00),
용역,20200519259-00,일반,통합연구관리시스템 개발 및 구축 용역 계약,분당서울대학교병원,분당서울대학교병원,일반(총액)협상에의한계약,2020/05/15 18:22(-),
용역,20200519351-00,일반,용계산 치유의숲 조성사업 조성계획 및 실시설계 용역 사업수행능력평가서 제출안내(PQ),전라남도 순천시,전라남도 순천시,일반경쟁,2020/05/15 18:21(-),
용역,20200518545-01,변경,동악산 생태축(서식지) 복원사업 마스터플랜 설계공모 참가등록 안내,전라남도 곡성군,전라남도 곡성군,일반경쟁,2020/05/15 18:20(-),
용역,20200519362-00,긴급,인터넷데이터센터(IDC) 시설·장비 임차 및 유지보수 용역,한국표준협회,한국표준협회,제한(총액),2020/05/15 18:20(2020/05/25 14:00),
용역,20200519358-00,일반,제방의 액상화 피해 평가를 위한 액상화 피해평가지표 및 평가법 개발 기초연구 용역,한국철도기술연구원,한국철도기술연구원,일반(총액)규격가격동시,2020/05/15 18:18(2020/05/22 11:00),
용역,20200516937-00,긴급,2020년 대구도시철도공사 휴양소 운영용역,대구도시철도공사,대구도시철도공사,일반(총액)협상에의한계약,2020/05/15 18:17(2020/05/26 10:00),
용역,20200519361-00,일반,"2020년 아이사랑 임신,육아 정보 동영상 제작 용역",인구보건복지협회,인구보건복지협회,제한(총액)협상에의한계약,2020/05/15 18:17(-),
용역,20200519356-00,긴급,2020년 평택시 버스정보시스템(BIS) 구축사업 용역(협상에 의한 계약),경기도 평택시,경기도 평택시,일반(총액)협상에의한계약,2020/05/15 18:17(2020/05/26 17:00),
용역,20200519008-00,긴급,2020년 산업통상자원부 행정정보시스템 고도화사업,조달청,산업통상자원부,제한(총액)협상에의한계약,2020/05/15 18:17(2020/06/05 10:00),
용역,20200519353-00,일반,서울마포우체국 승강기 종합유지관리 업체 선정,(재)우체국시설관리단,(재)우체국시설관리단,제한(총액),2020/05/15 18:16(2020/05/22 12:00),
용역,20200519349-00,일반,소득활동에 따른 노령연금의 근로유인에 관한 연구,국민연금공단,국민연금공단,제한(총액)협상에의한계약,2020/05/15 18:14(2020/05/27 10:00),
용역,20200513991-01,변경,순창군(섬진강수계) 4단계 수질오염총량관리 시행계획 수립 용역,전라북도 순창군,전라북도 순창군,제한(총액),2020/05/15 18:13(2020/05/22 10:00),
용역,20200519347-00,긴급,(혁신지원사업 3유형)울산과학대학교 역량기반 교육과정 운영관리 시스템 구축,울산과학대학산학협력단,울산과학대학산학협력단,일반(총액)협상에의한계약,2020/05/15 18:11(-),
용역,20200519346-00,일반,찾아가는 세계문화이해교육 용역,경기도 평택시,경기도 평택시,수의(총액)소액-견적입찰(2인 이상 견적 제출),2020/05/15 18:11(2020/05/21 10:00),
용역,20200519342-00,긴급,원주중앙시장 아케이드 설치공사 실시설계용역,강원도 원주시,강원도 원주시,제한경쟁,2020/05/15 18:10(2020/05/21 10:00),
용역,20200238066-01,취소,제주특별자치도 방문관광객 실태조사,제주관광공사,제주관광공사,일반(총액)협상에의한계약,2020/05/15 18:10(-),
용역,20200518807-00,긴급,대구 중소기업 맞춤형 컨설팅 및 상용 보안솔루션 도입 지원 용역,조달청,재단법인 대구테크노파크,제한(총액)협상에의한계약,2020/05/15 18:10(2020/05/26 10:00),
용역,20200519339-00,긴급,차세대 재외동포 정책 개발을 위한 실태조사,재외동포재단,재외동포재단,일반(총액)협상에의한계약,2020/05/15 18:06(-),
용역,2001757-00,일반,천안직산 공공지원민간임대주택 공급촉진지구 환경영향평가용역,한국토지주택공사,한국토지주택공사,일반경쟁,2020/05/15 18:05(2020/09/02 10:00),
용역,2001755-00,일반,부천역곡 공공주택지구 조성사업 환경영향평가용역,한국토지주택공사,한국토지주택공사,일반경쟁,2020/05/15 18:05(2020/08/19 10:00),
용역,20200519335-00,일반,남구기억 아카이브 사업 용역,대구광역시 남구,대구광역시 남구,제한(총액)협상에의한계약,2020/05/15 18:04(-),
용역,20200519109-00,일반,부산도서관 공동보존 서고 이관 용역,조달청 부산지방조달청,부산광역시교육청 부산광역시립시민도서관,제한(총액),2020/05/15 18:03(2020/05/21 10:00),
용역,20200519329-00,일반,석수2동 삼막천 수변공원 및 석천로 가로환경개선사업 폐기물 처리 용역,경기도 안양시,경기도 안양시,수의(총액)소액-견적입찰(2인 이상 견적 제출),2020/05/15 18:03(2020/05/21 10:00),
용역,20200519333-00,일반,2020년 상반기 소규모 수도시설 배수지(물탱크) 청소·소독 용역,경상남도 산청군,경상남도 산청군,수의(총액)소액-견적입찰(2인 이상 견적 제출),2020/05/15 18:03(2020/05/21 10:00),
용역,20200519331-00,일반,2020년 강동구 관내 상수도공사 건설폐기물처리용역(장기계속단가),서울특별시,서울특별시 상수도사업본부 강동수도사업소,제한(총액),2020/05/15 18:02(2020/05/26 12:00),
용역,20200519320-00,일반,북원로(원주IC~태장농공단지삼거리) 확포장공사 소규모재해영향평가용역,강원도 원주시,강원도 원주시,수의(총액)소액-견적입찰(2인 이상 견적 제출),2020/05/15 18:01(2020/05/21 10:00),
용역,20200512885-01,취소,2020년 횡성한우 고품질 연구개발 용역,강원도 횡성군,강원도 횡성군,제한(총액),2020/05/15 18:00(2020/05/18 12:00),
용역,20200519322-00,긴급,인공지능(AI)에 대한 유럽연합(EU)의 규제체계와 대응전략을 중심으로,한국법제연구원,한국법제연구원,제한(총액)협상에의한계약,2020/05/15 18:00(-),
용역,20200519041-00,긴급,코스타리카 산호세 광역도시철도 TOD 마스터플랜 수립사업,조달청,국토교통부,수의(총액),2020/05/15 17:59(2020/05/20 12:00),
용역,20200519046-01,취소,교육원 주차장 아스콘 포장 보수공사,농림축산식품부 농식품공무원교육원,농림축산식품부 농식품공무원교육원,제한(총액),2020/05/15 17:58(2020/05/22 10:00),
용역,20200519309-00,일반,강서구민올림픽체육센터 셔틀버스 운행 및 관리 용역,서울시 강서구시설관리공단,서울시 강서구시설관리공단,제한(총액),2020/05/15 17:57(2020/05/22 18:00),
용역,20200519314-00,일반,지역 미래선도 과학기술 프로젝트 사업 예타 조사 지원 연구용역,재단법인 부산산업과학혁신원,재단법인 부산산업과학혁신원,제한(총액)협상에의한계약,2020/05/15 17:56(2020/05/25 16:00),
용역,20200439326-00,일반,"성범죄자 등록관리시스템 화면 개선 및 장비(보안, 스캔) 도입",조달청 서울지방조달청,법무부 서울보호관찰소,제한(총액)협상에의한계약,2020/05/15 17:56(2020/05/27 10:00),
용역,20200517461-00,긴급,난곡로 26길 주변 함께 사는 골목길 환경조성 기본 및 실시설계 용역,서울특별시 관악구,서울특별시 관악구,일반(총액)협상에의한계약,2020/05/15 17:56(2020/05/26 16:00),
용역,20200515961-01,취소,서울잠동초등학교 다목적실 내진성능평가용역,서울특별시교육청 서울특별시강동송파교육지원청,서울특별시교육청 서울특별시강동송파교육지원청,수의(총액)소액수의,2020/05/15 17:56(2020/05/20 10:00),
용역,20200519187-00,긴급,상생결제 종합포털 구축 용역,조달청 서울지방조달청,대·중소기업·농어업협력재단,제한(총액)협상에의한계약,2020/05/15 17:56(2020/05/28 10:00),
용역,20200519305-00,긴급,충북콘텐츠코리아랩 이러닝 교육 콘텐츠 제작 용역,재단법인충청북도지식산업진흥원,재단법인충청북도지식산업진흥원,제한(총액)협상에의한계약,2020/05/15 17:55(-),
용역,20200518338-00,긴급,2020년도 경북대학교 상주캠퍼스 무인전자경비시스템 용역계약,조달청 대구지방조달청,경북대학교 행정지원부,일반(총액)협상에의한계약,2020/05/15 17:54(2020/05/26 12:00),
용역,20200519263-00,일반,2020년 청주공항 재산종합보험 가입 용역,한국공항공사 서울지역본부,한국공항공사 서울지역본부,일반(총액),2020/05/15 17:54(2020/05/21 10:00),
용역,20200518158-00,긴급,금오공과대학교 통합경비시스템 용역,조달청 대구지방조달청,금오공과대학교,일반(총액)협상에의한계약,2020/05/15 17:53(2020/05/26 12:00),
용역,20200518898-00,일반,2020년 정신건강사례관리시스템 유지관리,조달청 서울지방조달청,사회보장정보원,제한(총액)협상에의한계약,2020/05/15 17:53(2020/06/03 10:00),
용역,20200519285-00,긴급,다언어 오디오가이드 콘텐츠 개발 및 구축사업 용역,강원도 강릉시,강원도 강릉시,제한(총액)협상에의한계약,2020/05/15 17:53(-),
용역,20200519294-00,긴급,국도3호선(평화로)~서부로 연결 나들목 개설사업 실시설계용역(긴급),경기도 의정부시,경기도 의정부시,일반경쟁,2020/05/15 17:52(2020/05/21 10:00),
용역,20200519296-00,일반,2020년 하반기 국문SNS 운영 용역,제주관광공사,제주관광공사,제한(총액)협상에의한계약,2020/05/15 17:52(-),
용역,20200518892-00,일반,삼천2동 거마중앙로 인도정비공사 폐기물처리용역,전라북도 전주시 완산구,전라북도 전주시 완산구,수의(총액)소액수의,2020/05/15 17:51(2020/05/21 10:00),
용역,20200519077-00,일반,사곡신감 자연재해위험개선지구정비공사 폐기물처리용역(장기계속),경상북도 의성군,경상북도 의성군,제한(총액),2020/05/15 17:50(2020/05/25 10:00),
용역,20200508704-01,변경,한국수출입은행 중장기 여신방향 수립 컨설팅,한국수출입은행,한국수출입은행,제한(총액)협상에의한계약,2020/05/15 17:50(2020/05/25 17:00),
용역,20200511311-01,취소,2020년 하천 준설토 운반 및 처리용역(연간단가),서울특별시 서초구,서울특별시 서초구,수의(총액)소액-견적입찰(2인 이상 견적 제출),2020/05/15 17:50(2020/05/15 10:00),
용역,20200519281-00,일반,경기도 농민농촌기본소득 통합관리시스템 구축 용역,재단법인경기농식품유통진흥원,재단법인경기농식품유통진흥원,제한(총액)협상에의한계약,2020/05/15 17:50(2020/06/08 10:00),
용역,20200518178-00,긴급,코로나19 감염예방을 위한 구립·직장어린이집 방역소독 용역,서울특별시 강남구,서울특별시 강남구,제한(총액),2020/05/15 17:50(2020/05/20 17:00),
용역,20200519287-00,일반,한국수산자원공단 안전보건경영시스템 인증 컨설팅,한국수산자원공단,한국수산자원공단,수의(총액)소액-견적입찰(2인 이상 견적 제출),2020/05/15 17:49(2020/05/21 10:00),
용역,20200519044-00,긴급,2020년 국립중앙박물관 누리집 기능개선,조달청 서울지방조달청,문화체육관광부 국립중앙박물관,제한(총액)협상에의한계약,2020/05/15 17:49(2020/06/03 10:00),
용역,20200519280-00,긴급,[설계공모]원주 관광·레저형 기업도시 개발사업 타당성조사 및 기본계획 수립 용역,강원도 원주시,강원도 원주시,일반경쟁,2020/05/15 17:48(-),
용역,20200507828-00,일반,2020년 전국도서관과 함께하는 책 읽어 주세요 체험 프로그램 위탁 운영,조달청 서울지방조달청,문화체육관광부 국립중앙도서관 국립어린이청소년도서관,제한(총액)협상에의한계약,2020/05/15 17:48(2020/05/29 10:00),
용역,20200519260-00,일반,네트워크 강화를 위한 시군 의제발굴 및 전략수립,사단법인 충남사회경제연대,사단법인 충남사회경제연대,일반(총액)협상에의한계약,2020/05/15 17:48(-),
용역,20200518978-00,일반,2020년 지역신문 컨퍼런스 운영,조달청 서울지방조달청,지역신문발전기금,제한(총액)협상에의한계약,2020/05/15 17:47(2020/06/02 10:00),
용역,20200519228-00,일반,직업건강 가이드라인 개발 연구용역,한국산업안전보건공단,한국산업안전보건공단,제한(총액)협상에의한계약,2020/05/15 17:46(2020/05/27 10:00),
용역,20200517805-00,일반,제10기 IP Meister Program 교육컨설팅 용역(5분야),조달청 서울지방조달청,한국발명진흥회,제한(총액)협상에의한계약,2020/05/15 17:45(2020/05/27 10:00),
용역,20200518459-00,긴급,강원권 대학 및 지역균형 발전을 위한 종합계획 수립 용역,조달청,강원대학교,일반(총액)협상에의한계약,2020/05/15 17:45(2020/06/04 10:00),
용역,20200416132-01,취소,2020년 양성평등주간 기념행사 기획 및 대행 운영,조달청 서울지방조달청,한국양성평등교육진흥원,제한(총액)협상에의한계약,2020/05/15 17:43(2020/04/28 10:00),
용역,20200518455-00,일반,여성폭력방지기관 종사자 종합교육체계 수립 연구,조달청 서울지방조달청,한국여성인권진흥원,제한(총액)협상에의한계약,2020/05/15 17:43(2020/05/26 10:00),
용역,20200508118-00,일반,정보통신종합관리시스템 고도화,조달청 서울지방조달청,경찰청,제한(총액)협상에의한계약,2020/05/15 17:42(2020/05/29 10:00),
용역,20200519246-00,일반,‘20년 충청남도 공공급속충전시설 전기안전관리대행,한국환경공단,한국환경공단,수의(총액)소액수의,2020/05/15 17:42(2020/05/21 15:00),
용역,20200517794-00,일반,5차 옥외광고사업의 성공적 수행을 위한 제도개선방안 연구,조달청 서울지방조달청,한국지방재정공제회,제한(총액)협상에의한계약,2020/05/15 17:42(2020/05/26 10:00),
용역,20200517581-00,일반,인체위해성평가통합관리시스템 구축,조달청,식품의약품안전처,수의(총액),2020/05/15 17:42(2020/05/18 11:00),
용역,20200519257-00,긴급,미래세대 보호를 위한 법적과제 3 - 우주교통관리 등 UN 외기권위원회(COPUOS) 논의를 중심으로,한국법제연구원,한국법제연구원,제한(총액)협상에의한계약,2020/05/15 17:41(-),
용역,20200518900-00,일반,KLID 공공빅데이터 분석모델 개발·확산 및 센터 운영전략 수립,조달청 서울지방조달청,한국지역정보개발원,제한(총액)협상에의한계약,2020/05/15 17:41(2020/06/02 10:00),
용역,20200518966-00,일반,교원참여형 교육과정 평가 실행모델 개발 연구(수도권),조달청 서울지방조달청,국가교육회의,제한(총액)협상에의한계약,2020/05/15 17:40(2020/05/27 10:00),
용역,20200517604-00,일반,정보시스템 위탁운영및통합유지보수 용역,조달청,제주국제자유도시개발센터,수의(총액),2020/05/15 17:40(2020/05/18 11:00),
용역,20200519243-00,긴급,서울역 일대 문화예술프로그램 운영 용역,서울특별시,서울특별시,제한(총액)협상에의한계약,2020/05/15 17:40(2020/05/26 17:00),
용역,20200518278-00,일반,2020년 기록정보 온라인서비스 구축 사업,조달청,행정안전부 국가기록원,수의(총액),2020/05/15 17:37(2020/05/18 12:00),
용역,20200519252-00,긴급,미래세대 보호를 위한 법적과제 1 - 디지털 환경에서의 아동권리를 중심으로 관련 설문조사,한국법제연구원,한국법제연구원,제한(총액)협상에의한계약,2020/05/15 17:37(-),
용역,20200518592-00,긴급,내포신도시 주차타워 및 건강생활증진센터 신축공사 설계용역,충청남도 홍성군,충청남도 홍성군,제한경쟁,2020/05/15 17:36(2020/05/21 10:00),
용역,20200519239-00,일반,2020 공공미술 시민발굴단 운영 용역,서울특별시,서울특별시,제한(총액)협상에의한계약,2020/05/15 17:32(2020/05/26 16:00),
용역,20200519194-00,일반,‘20년 전라남도 공공급속충전시설 전기안전관리대행,한국환경공단,한국환경공단,수의(총액)소액수의,2020/05/15 17:32(2020/05/21 15:00),
용역,20200519236-00,일반,2020년 은행나무 생육환경 개선사업 건설폐기물 운반처리용역,충청남도 아산시,충청남도 아산시,수의(총액)소액-견적입찰(2인 이상 견적 제출),2020/05/15 17:31(2020/05/21 16:00),
용역,20200519234-00,일반,남원시 통합경보 방송운영 소프트웨어 개발용역,전라북도 남원시,전라북도 남원시,제한(총액),2020/05/15 17:31(2020/05/22 14:00),
용역,20200519229-00,일반,가뭄대비 건설장비 임차용역,경기도 연천군,경기도 연천군,수의(총액)소액-견적입찰(2인 이상 견적 제출),2020/05/15 17:30(2020/05/21 10:00),
용역,20200511812-01,취소,다언어 오디오가이드 콘텐츠 개발 및 구축사업 용역,강원도 강릉시,강원도 강릉시,제한(총액)협상에의한계약,2020/05/15 17:29(-),
용역,20200518746-00,일반,예산군 농촌신활력플러스사업 온라인 통합 플랫폼 구축 용역,사단법인 예산군행복마을네트워크,사단법인 예산군행복마을네트워크,제한(총액)협상에의한계약,2020/05/15 17:25(-),
용역,20200517309-00,일반,국립세종수목원 홈페이지 구축 용역,조달청 대구지방조달청,한국수목원관리원,제한(총액)협상에의한계약,2020/05/15 17:24(2020/05/28 10:00),
용역,20200518714-00,일반,2020년도 헌혈버스 구조 변경(재공고 2차),대한적십자사 혈액관리본부,대한적십자사 혈액관리본부,제한(총액)2단계경쟁,2020/05/15 17:24(2020/05/27 15:00),
용역,20200518988-01,변경,2020년 항포구 쓰레기 수거 용역,충청남도 서산시,충청남도 서산시,제한(단가),2020/05/15 17:22(2020/05/21 10:00),
용역,20200517503-00,긴급,무인교통단속장비 통신망 이동통신사업자 선정 계약,조달청,경찰청 충청남도지방경찰청,일반(총액)협상에의한계약,2020/05/15 17:22(2020/06/16 10:00),
용역,2001739-00,일반,소형 분양주택의 시장전망과 공급확대 개선방안 연구용역,한국토지주택공사,한국토지주택공사,일반경쟁,2020/05/15 17:20(2020/06/12 16:00),
용역,20200519206-00,일반,안전보건통합관리시스템구축 및 화학물질관리시스템 고도화,한국지질자원연구원,한국지질자원연구원,제한(총액)협상에의한계약,2020/05/15 17:19(2020/06/02 10:00),
용역,20200519201-00,일반,2020년 조림지 풀베기사업(1차) 감리용역,충청남도 아산시,충청남도 아산시,수의(총액)소액-견적입찰(2인 이상 견적 제출),2020/05/15 17:18(2020/05/21 15:00),
용역,20200518062-01,변경,연구실험시설 활용 기상관측기술개발 조사 및 분석 기획연구,기상청 국립기상과학원,기상청 국립기상과학원,제한(총액)협상에의한계약,2020/05/15 17:18(2020/05/25 10:00),
용역,20200517784-00,긴급,토지적성평가 및 재해취약성 분석 용역,경기도 광주시,경기도 광주시,제한경쟁,2020/05/15 17:18(2020/05/21 10:00),
용역,20200519033-00,일반,"권선초 외 4교(명인초,영화초,일월초,매원중) 샌드위치패널 개선공사 설계용역",경기도교육청 경기도수원교육지원청,경기도교육청 경기도수원교육지원청,수의(총액)소액-견적입찰(2인 이상 견적 제출),2020/05/15 17:18(2020/05/21 10:00),
용역,20200518691-00,긴급,2020년 정원분야 실습·보육공간 운영용역(김천),조달청,한국수목원관리원,수의(총액),2020/05/15 17:17(2020/05/18 14:00),
용역,20200518692-00,긴급,국외문화재DB관리시스템 고도화(오카이브 OK-Archive 구축),조달청 서울지방조달청,국외소재문화재재단,제한(총액)협상에의한계약,2020/05/15 17:16(2020/06/10 10:00),
용역,20200519186-00,일반,동학초 포장개선공사 설계용역,경기도교육청 경기도화성오산교육지원청,경기도교육청 경기도화성오산교육지원청,수의(총액)소액-견적입찰(2인 이상 견적 제출),2020/05/15 17:15(2020/05/21 10:00),
용역,E012004450-00,일반,2020년 인천직할 배전설비 열화상 진단용역,한국전력공사,재무자재부,제한(총액),2020/05/15 17:15(2020/05/25 14:00),
용역,20200518386-01,변경,소규모 수도시설 개량사업 폐기물처리 용역,제주특별자치도,제주특별자치도,제한(총액),2020/05/15 17:13(2020/05/22 14:00),
용역,20200519184-00,긴급,신태인처리구역 하수관로 정비사업(신태인태인처리분구) GIS DB구축 용역,전라북도 정읍시,전라북도 정읍시,제한경쟁,2020/05/15 17:12(2020/05/21 14:00),
용역,20200518311-00,일반,신안경찰서 청사 신축공사 군계획시설(공공청사) 실시계획 인가 용역,경찰청 전라남도지방경찰청,경찰청 전라남도지방경찰청,제한경쟁,2020/05/15 17:11(2020/05/25 10:00),
용역,20200519172-00,일반,용역사업 집행계획 및 평가자료 제출 공고[청사시설 신축공사 건설사업관리용역],해양수산부 남해어업관리단,해양수산부 남해어업관리단,일반경쟁,2020/05/15 17:11(-),
용역,20200519146-00,일반,‘20년 경상남도 공공급속충전시설 전기안전관리대행,한국환경공단,한국환경공단,수의(총액)소액수의,2020/05/15 17:11(2020/05/21 15:00),
용역,20200519181-00,긴급,강화일반산업단지 공공폐수처리시설(2단계) 설치공사 건설사업관리 용역,인천광역시 종합건설본부,인천광역시 종합건설본부,제한경쟁,2020/05/15 17:11(2020/05/21 10:00),
용역,20200519176-00,일반,인천농업기술센터 전통문화체험교육관 조성 설계 및 실시계획(변경) 용역,인천광역시,인천광역시,제한경쟁,2020/05/15 17:09(2020/05/26 10:00),
용역,20200518326-00,긴급,한국 의료기기 정보제공 자료집 개발,조달청 충북지방조달청,한국보건산업진흥원,제한(총액)협상에의한계약,2020/05/15 17:08(2020/05/27 10:00),
용역,20200518134-01,취소,경남 마산로봇랜드 테마파크 재산종합보험 가입(긴급),(재)경남로봇랜드재단,(재)경남로봇랜드재단,일반(총액),2020/05/15 17:07(2020/05/21 16:00),
용역,20200519173-00,일반,OCS 시스템 H/W장비 유지보수 용역 견적서 제출 안내 공고,서울특별시 동부병원,서울특별시 동부병원,수의(총액)소액수의,2020/05/15 17:07(2020/05/21 10:00),
용역,20200518554-01,변경,신성여자중학교 본관동 및 체육관 정밀안전점검 용역,제주특별자치도교육청 제주시교육청 신성여자중학교,제주특별자치도교육청 제주시교육청 신성여자중학교,수의(총액)소액-견적입찰(2인 이상 견적 제출),2020/05/15 17:06(2020/05/22 10:00),
용역,20200519174-00,일반,2020년 경상남도 폐기물 처리용역,한국어촌어항공단,한국어촌어항공단,제한(단가),2020/05/15 17:06(2020/05/21 10:00),
용역,20200519169-00,일반,사옥(월드마린센터) 시설물 손해보험,여수광양항만공사,여수광양항만공사,일반(총액),2020/05/15 17:06(2020/05/20 16:00),
용역,20200519161-00,일반,고정초 포장개선공사 설계용역,경기도교육청 경기도화성오산교육지원청,경기도교육청 경기도화성오산교육지원청,수의(총액)소액-견적입찰(2인 이상 견적 제출),2020/05/15 17:05(2020/05/21 10:00),
용역,20200519168-00,일반,금호워터폴리스 건설폐기물(가연성) 운반 및 처리용역,대구도시공사,대구도시공사,제한(총액),2020/05/15 17:05(2020/05/21 14:00),
용역,20200519162-00,긴급,경남 마산로봇랜드 테마파크 재산종합보험 가입(긴급),(재)경남로봇랜드재단,(재)경남로봇랜드재단,일반(총액),2020/05/15 17:05(2020/05/21 16:10),
용역,2001716-02,변경,[정정공고]대구율하 도시첨단산업단지 사후환경영향조사(공사시) 용역,한국토지주택공사,한국토지주택공사,일반경쟁,2020/05/15 17:05(2020/05/26 12:00),
용역,20200519159-00,일반,경영전략 수립 및 조직진단 컨설팅,건강보험심사평가원,건강보험심사평가원,일반(총액)협상에의한계약,2020/05/15 17:05(2020/06/05 14:00),
용역,20200519170-00,일반,2020년 중규모 대류계 수도권 집중관측 용역,기상청 국립기상과학원,기상청 국립기상과학원,제한(총액)협상에의한계약,2020/05/15 17:04(2020/05/25 10:00),
용역,20200503821-01,변경,종교에 대한 이해 사이버 코스웨어 제작,문화체육관광부,문화체육관광부,제한(총액)협상에의한계약,2020/05/15 17:02(2020/05/25 10:00),
용역,20200518211-00,일반,2020년 국립축산과학원 DPF돈사 유지관리용역,조달청 전북지방조달청,농촌진흥청 국립축산과학원,수의(총액)제조공급자 설치조립,2020/05/15 17:02(2020/05/22 16:00),
용역,20200519092-02,변경,교육원 주차장 아스콘 포장 보수공사 폐기물 처리용역,농림축산식품부 농식품공무원교육원,농림축산식품부 농식품공무원교육원,제한(총액),2020/05/15 16:59(2020/05/22 10:00),
용역,20200518934-00,일반,대로2-5호선 도시계획도로개설 교통안전진단 용역,충청남도 천안시,충청남도 천안시,수의(총액)소액-견적입찰(2인 이상 견적 제출),2020/05/15 16:59(2020/05/21 14:00),
용역,20200519129-00,일반,감염병이 산업안전보건에 미치는 영향요인 예측 연구용역,한국산업안전보건공단,한국산업안전보건공단,제한(총액)협상에의한계약,2020/05/15 16:58(2020/05/27 10:00),
용역,20200518826-00,일반,새만금 가로시설 디자인 가이드라인 및 설치기준 수립 용역계약,조달청 전북지방조달청,새만금개발청,제한(총액)협상에의한계약,2020/05/15 16:57(2020/05/29 10:00),
용역,20200519141-00,일반,2017년 지방상수도 현대화사업(보은군) 건설폐기물(폐합성수지) 처리용역,한국환경공단 충청권지역본부,한국환경공단 충청권지역본부,수의(총액)소액-견적입찰(2인 이상 견적 제출),2020/05/15 16:56(2020/05/22 10:00),
용역,20200514749-01,변경,초소형전기차 통합관제[S/W] 시스템 구축,마스타자동차관리(주),마스타자동차관리(주),일반(총액)협상에의한계약,2020/05/15 16:56(2020/05/26 17:00),
용역,20200517753-00,긴급,신현 문화체육복합센터 주변(소로2-13호선 외) 도로개설공사 실시설계용역,경기도 광주시,경기도 광주시,제한경쟁,2020/05/15 16:56(2020/05/21 10:00),
용역,20200519139-00,일반,2020년 고양시 방범 및 불법주정차단속 CCTV 구축사업 감리용역,경기도 고양시,경기도 고양시,수의(총액)소액-견적입찰(2인 이상 견적 제출),2020/05/15 16:56(2020/05/21 10:00),
용역,20200519094-00,일반,산업 농공단지 통근버스 임차 지원 용역(단가계약),경상남도 거창군,경상남도 거창군,제한(단가),2020/05/15 16:56(2020/05/21 10:00),
용역,20200519138-00,일반,위해관리계획 비상대응정보 공유체계 구축 연구(Ⅱ),환경부 화학물질안전원,환경부 화학물질안전원,제한(총액)협상에의한계약,2020/05/15 16:54(2020/05/29 14:00),
용역,20200516223-00,일반,5호선 궤도재료(방진패드) 스프링 상수 측정 용역 (단가),서울교통공사,서울교통공사,일반(단가),2020/05/15 16:54(2020/05/26 12:00),
용역,20200519136-00,긴급,2020년 미래기술마당 종합정보체계 고도화 용역(SW개발) 입찰 공고,과학기술일자리진흥원,과학기술일자리진흥원,제한(총액)협상에의한계약,2020/05/15 16:53(-),
용역,20200519137-00,긴급,초소형전기차 충전인프라 최적화 및 충전시스템 운영방안 수립,마스타자동차관리(주),마스타자동차관리(주),일반(총액)협상에의한계약,2020/05/15 16:53(2020/05/22 17:00),
용역,20200519105-00,일반,‘20년 경상북도 공공급속충전시설 전기안전관리대행,한국환경공단,한국환경공단,수의(총액)소액수의,2020/05/15 16:52(2020/05/21 15:00),
용역,20200519063-00,일반,무등초 물탱크실 증축 및 기타시설공사 건설폐기물처리용역 수의계약 안내 공고,광주광역시교육청 광주광역시동부교육지원청,광주광역시교육청 광주광역시동부교육지원청,수의(총액)소액수의,2020/05/15 16:51(2020/05/21 10:00),
용역,20200519070-00,일반,제주본부 신사옥 건립공사 건설사업관리(CM)용역,조달청,한국전력거래소,일반경쟁(종합심사),2020/05/15 16:51(2020/06/23 17:00),
용역,20200518472-01,변경,소규모 수도시설 개량사업 GIS DB구축 용역,제주특별자치도,제주특별자치도,제한경쟁,2020/05/15 16:51(2020/05/22 14:00),
용역,20200519054-01,취소,‘20년 경상남도 공공급속충전시설 전기안전관리대행,한국환경공단,한국환경공단,수의(총액)소액수의,2020/05/15 16:51(2020/05/21 15:00),
용역,20200519131-00,긴급,2020년 미래기술마당 종합정보체계 시스템고도화 사업(HW구매) 입찰 공고,과학기술일자리진흥원,과학기술일자리진흥원,제한(총액)협상에의한계약,2020/05/15 16:50(-),
용역,20200517672-00,일반,디지털 TRS무선통신장비(EADS) 유지보수 용역,조달청 서울지방조달청,경찰청 서울특별시지방경찰청,제한(총액)협상에의한계약,2020/05/15 16:49(2020/05/27 10:00),
용역,20200519122-00,일반,"도심숲 조성사업(강선1단지, 후곡16단지 사잇길) 폐기물 처리용역",경기도 고양시,경기도 고양시,수의(총액)소액-견적입찰(2인 이상 견적 제출),2020/05/15 16:48(2020/05/21 10:00),
용역,20200519012-00,긴급,보령수협 수산시장(위판장) 시설개선 지원사업 건설사업관리용역,보령수산업협동조합,보령수산업협동조합,일반경쟁,2020/05/15 16:48(2020/05/21 10:00),
용역,20200519121-00,일반,제2차 성북구 인권증진기본계획 수립 연구 용역,서울특별시 성북구,서울특별시 성북구,제한(총액)협상에의한계약,2020/05/15 16:46(-),
용역,20200519107-00,일반,송림로 외 2개소 보도정비공사 폐기물 처리 용역,인천광역시 동구,인천광역시 동구,수의(총액)소액-견적입찰(2인 이상 견적 제출),2020/05/15 16:45(2020/05/21 10:00),
용역,20200518864-00,일반,월산 마을만들기 지역역량강화 용역,전라남도 영광군,전라남도 영광군,제한(총액),2020/05/15 16:45(2020/05/20 17:00),
용역,20200518586-00,일반,내동 상상이상 복합문화센터 건립 기본 및 실시설계 용역,조달청,충청남도 논산시,수의(설계공모),2020/05/15 16:44(-),
용역,20200518836-01,변경,수입동향시스템을 활용한 2020 수입영향 조사,산업통상자원부,산업통상자원부,일반(총액)협상에의한계약,2020/05/15 16:43(-),
용역,20200519103-00,긴급,2020 주요간선도로 대학로 및 공단대로 아스콘포장공사 폐기물처리용역,전라북도 군산시,전라북도 군산시,수의(총액)소액-견적입찰(2인 이상 견적 제출),2020/05/15 16:42(2020/05/21 12:00),
용역,20200519093-00,긴급,2020년 부산광역시청 공용차량 보험 가입,부산광역시,부산광역시,제한(총액),2020/05/15 16:41(2020/05/21 10:00),
용역,20200519090-00,긴급,방치폐기물 위탁처리용역(단가계약),전라남도 보성군,전라남도 보성군,수의(단가)소액-견적입찰(2인 이상 견적 제출),2020/05/15 16:39(2020/05/20 17:00),
용역,20200519091-00,긴급,2020년 산업경쟁력조사(폴리에틸렌),산업통상자원부,산업통상자원부,일반(총액)협상에의한계약,2020/05/15 16:38(-),
용역,20200510592-01,취소,2020년 상반기 구조구급대원 건강검진 수의계약 견적제출 안내,경상북도 상주소방서,경상북도 상주소방서,수의(총액)소액수의,2020/05/15 16:35(2020/05/18 14:10),
용역,20200519078-00,긴급,2020년 산업경쟁력조사(스테인리스스틸 냉연강판/열연강판),산업통상자원부,산업통상자원부,일반(총액)협상에의한계약,2020/05/15 16:34(-),
용역,20200518857-00,일반,남산 마을만들기 지역역량강화 용역,전라남도 영광군,전라남도 영광군,제한(총액),2020/05/15 16:34(2020/05/20 17:00),
용역,20200519062-00,긴급,2020년 북항고가교 정밀안전진단용역,인천광역시 종합건설본부,인천광역시 종합건설본부,제한경쟁,2020/05/15 16:32(2020/05/21 10:00),
용역,20200518945-00,긴급,서울시 제설현장관리시스템 재구축을 위한 정보화전략계획(ISP) 수립용역,서울특별시,서울특별시,제한(총액)협상에의한계약,2020/05/15 16:32(2020/05/26 16:00),
용역,20200519058-00,일반,스마트 자재물류센터 구축 연구용역,서울교통공사,서울교통공사,일반(총액)협상에의한계약,2020/05/15 16:32(2020/06/05 10:00),
용역,E012004452-00,일반,계수.범박구역 배전간선 설치공사 기초자료 조사용역,한국전력공사,재무자재부,제한(총액),2020/05/15 16:31(2020/05/25 12:00),
용역,20200519064-00,일반,해외 혁신적 금융서비스 사례 및 시사점 연구용역,사단법인 한국핀테크지원센터,사단법인 한국핀테크지원센터,제한(총액)협상에의한계약,2020/05/15 16:30(2020/05/21 16:00),
용역,P2020-00032-00,일반,엘살바도르 국립보건교육센터 설립 및 보건교육 강화사업 PMC 용역,한국국제협력단,한국국제협력단, ,2020/05/15 16:30(2020/06/25 15:00),
용역,20200517876-00,긴급,통합문화이용권(문화누리카드) 정보시스템 통합유지관리 및 운영,조달청 광주지방조달청,한국문화예술위원회,제한(총액)협상에의한계약,2020/05/15 16:27(2020/05/29 10:00),
용역,20200519036-00,일반,2020년 국도48호선 김포대학~아라대교A1구간 풀깎기용역,국토교통부 서울지방국토관리청 수원국토관리사무소,국토교통부 서울지방국토관리청 수원국토관리사무소,제한(총액),2020/05/15 16:26(2020/05/25 10:00),
용역,20200519031-00,일반,간행물 발송 용역 수의계약,한국은행,한국은행,수의(총액)소액-견적입찰(2인 이상 견적 제출),2020/05/15 16:23(2020/05/21 16:30),
용역,20200519038-00,일반,솔향가득 낭구촌 사석만들기 공사 석면폐기물 처리용역,전라북도 남원시,전라북도 남원시,수의(총액)소액-견적입찰(2인 이상 견적 제출),2020/05/15 16:21(2020/05/21 10:00),
용역,20200519028-00,일반,구산면 일대 하수관로 정비공사 기본 및 실시설계용역 사업수행능력평가 안내(긴급),경상남도 창원시 하수도사업소,경상남도 창원시 하수도사업소,일반경쟁,2020/05/15 16:18(-),
용역,20200519027-00,일반,대구시 감정노동자 실태조사 및 보호방안 연구용역,대구광역시,대구광역시,제한(총액)협상에의한계약,2020/05/15 16:17(2020/05/27 17:00),
용역,20200518879-00,긴급,돼지열병 발생원 규명을 위한 음식물류폐기물 조사,조달청 인천지방조달청,환경부 국립환경과학원,수의(총액),2020/05/15 16:17(2020/05/20 14:30),
용역,20200519006-00,일반,통영 팔천곡 고분군 시굴조사 용역,경상남도 통영시,경상남도 통영시,제한(총액),2020/05/15 16:16(2020/05/21 11:00),
용역,20200519023-00,긴급,2020년 GAP 안전성 분석(토양.용수) 지원사업 대행 용역,전라북도 김제시,전라북도 김제시,제한경쟁,2020/05/15 16:14(2020/05/21 15:00),
용역,20200513930-00,일반,가상현실 스포츠실 설치 및 운영 사업 계약 요청,조달청 인천지방조달청,경기도교육청 경기도시흥교육지원청 은계초등학교,제한(총액)협상에의한계약,2020/05/15 16:11(2020/05/28 10:00),
용역,20200519013-00,긴급,죽변 해안스카이레일 통합발권시스템 구축 용역,경상북도 울진군,경상북도 울진군,제한(총액),2020/05/15 16:11(2020/05/21 10:00),
용역,20200518991-00,일반,2020학년도 문화예술 마을 방과후학교 오케스트라 위탁용역,충청남도교육청 충청남도논산계룡교육지원청,충청남도교육청 충청남도논산계룡교육지원청,제한(총액)규격가격동시,2020/05/15 16:11(2020/05/22 17:00),
용역,20200518688-00,일반,풋감 주정추출물 안전성평가 시험 용역,조달청 제주지방조달청,(재)제주테크노파크,제한(총액),2020/05/15 16:10(2020/05/21 12:00),
용역,20200518395-00,일반,농어촌마을하수도정비사업(고석) 폐기물처리용역,충청북도 보은군,충청북도 보은군,수의(총액)소액-견적입찰(2인 이상 견적 제출),2020/05/15 16:10(2020/05/21 10:00),
용역,20200519010-00,일반,국도48호선 김포 고촌 태리보도육교 시설물보수 실시설계용역,국토교통부 서울지방국토관리청 수원국토관리사무소,국토교통부 서울지방국토관리청 수원국토관리사무소,제한경쟁,2020/05/15 16:10(2020/05/25 10:00),
용역,20200518242-00,일반,인재개발원 구내식당(매점) 위탁운영업체 선정,한국농어촌공사 인재개발원,한국농어촌공사 인재개발원,일반(총액),2020/05/15 16:08(-),
용역,20200439125-00,일반,20년 총포화약안전관리시스템 유지보수,조달청 서울지방조달청,경찰청,제한(총액)협상에의한계약,2020/05/15 16:06(2020/05/26 10:00),
용역,20200517353-00,일반,2020년 학생·학부모 창의인성교육 용역,서울특별시,서울특별시,제한(총액)협상에의한계약,2020/05/15 16:06(2020/06/05 17:00),
용역,20200518985-00,일반,보훈단체(재향군인회 포함) 및 자활용사촌 수익사업 현황조사,국가보훈처,국가보훈처,제한(총액)협상에의한계약,2020/05/15 16:06(2020/05/26 10:00),
용역,20200518990-00,일반,2020년 소규모 공동주택 안전점검 용역,울산광역시 울주군,울산광역시 울주군,수의(총액)소액-견적입찰(2인 이상 견적 제출),2020/05/15 16:06(2020/05/21 10:00),
용역,E042000268-00,일반,하동발전본부 태양광 발전사업 타당성조사 용역(2020-1),한국남부발전주식회사,자재연료부,제한(총액),2020/05/15 16:05(2020/05/22 14:00),
용역,20200518982-00,일반,인천교공원 어린이교통교육장 정비공사 폐기물처리 용역,인천광역시 동구,인천광역시 동구,수의(총액)소액-견적입찰(2인 이상 견적 제출),2020/05/15 16:05(2020/05/21 10:00),
용역,20200518201-01,변경,지방도1132호선(조천리 외 5개소) 포장도 보수공사 폐기물처리용역,제주특별자치도,제주특별자치도,제한(총액),2020/05/15 16:04(2020/05/21 14:00),
용역,20200518998-00,일반,교사 대상 온라인 경제연수 프로그램 개발 및 운영,한국개발연구원,한국개발연구원,제한(총액)협상에의한계약,2020/05/15 16:04(-),
용역,20200518993-00,긴급,부여 송국리유적 선사박물관 건립 타당성조사 및 기본계획 수립 용역,충청남도 부여군,충청남도 부여군,제한경쟁,2020/05/15 16:04(2020/05/21 10:00),
용역,20200518987-00,일반,영락공원 대기환경설비 자가측정 및 대기환경 관리대행 용역,광주광역시 도시공사,광주광역시 도시공사,일반(총액),2020/05/15 16:02(2020/05/22 10:00),
용역,B5202001536-00,일반,신안군 지방상수도 관망정비공사 건설폐기물 처리용역,한국수자원공사,한국수자원공사 전남지역협력단,일반경쟁,2020/05/15 16:00(2020/05/21 10:00),
용역,K20S065000-01,일반,고리제3발전소 산업안전문화 진단 컨설팅용역,한국수력원자력주식회사,한국수력원자력(주) 고리원자력본부,일반(총액),2020/05/15 16:00(2020/05/25 12:00),
용역,P2020-00034-00,일반,DR콩고 Kwango지역 모자보건 증진 사업 BDS 용역,한국국제협력단,한국국제협력단, ,2020/05/15 16:00(2020/06/26 15:00),
용역,B5202001552-00,일반,2020년 공주시 지방상수도 현대화사업 누수탐사용역,한국수자원공사,한국수자원공사 충남지역협력단,제한경쟁,2020/05/15 16:00(2020/05/25 13:00),
용역,E012004448-00,일반,154kV 사천-개양T/L No.30~35 안전이격거리 확보 책임감리용역(PQ),한국전력공사,재무자재부,일반(총액),2020/05/15 15:59(2020/06/25 10:00),
용역,2020-02-000328-00,일반,호남선 서대전~가수원간 매천교 개량공사 감독 권한대행 등 건설사업관리용역,한국철도시설공단,한국철도시설공단,제한경쟁,2020/05/15 15:59(2020/06/17 13:00),
용역,E012004449-00,일반,강화군수 흥왕지14H2외 선형개량 지장전주 이설공사 감리용역,한국전력공사,재무자재부,제한(총액),2020/05/15 15:58(2020/05/25 14:00),
용역,20200518963-00,긴급,칠보면 청광만적마을 상수도 급수관 GIS DB구축 용역,전라북도 정읍시,전라북도 정읍시,제한경쟁,2020/05/15 15:58(2020/05/21 14:00),
용역,20200518964-00,일반,경기도 신청사 저층부 개방공간 특화디자인 실내건축 실시설계 용역,경기도 경기도건설본부,경기도 경기도건설본부,제한(총액)협상에의한계약,2020/05/15 15:57(2020/05/28 17:00),
용역,20200518903-00,일반,2020년 대기배출시설 오염도 검사 용역,경기도 수원시,경기도 수원시,수의(총액)소액-견적입찰(2인 이상 견적 제출),2020/05/15 15:55(2020/05/21 10:00),
용역,20200518921-00,일반,2020년 국립외교원 사이버 교육과정 콘텐츠 개발,외교부 국립외교원,외교부 국립외교원,제한(총액)협상에의한계약,2020/05/15 15:54(2020/05/26 10:00),
용역,20200518891-00,긴급,과천정수장 고도정수처리시설 설치공사 기본 및 실시설계 용역,경기도 과천시,경기도 과천시,지명경쟁,2020/05/15 15:54(2020/05/25 10:00),
용역,20200518847-00,일반,귀인초 다목적체육관 증축공사 감리용역,경기도교육청 경기도안양과천교육지원청,경기도교육청 경기도안양과천교육지원청,수의(총액)소액-견적입찰(2인 이상 견적 제출),2020/05/15 15:52(2020/05/21 10:00),
용역,20200518959-00,일반,국가어항관리사업 공용차량 임차 용역,한국어촌어항공단,한국어촌어항공단,수의(총액)소액-견적입찰(2인 이상 견적 제출),2020/05/15 15:51(2020/05/21 10:00),
용역,9222476-01,변경,(변경공고)곡성 인재개발원 신축공사 감독권한대행 등 건설사업관리용역,한국철도공사,한국철도공사,제한(단가),2020/05/15 15:50(2020/06/16 10:00),
용역,20200518812-00,일반,이안 양범처리구역 하수관로 정비사업 지하시설물도 구축 용역,조달청 대구지방조달청,경상북도 상주시 상하수도사업소,제한(총액)협상에의한계약,2020/05/15 15:49(2020/06/02 10:00),
용역,20200518889-00,긴급,장흥리 구석기 문화재 시굴조사 용역,강원도 철원군,강원도 철원군,제한(총액),2020/05/15 15:47(2020/05/20 12:00),
용역,20200518937-00,일반,강동구 수도권 광역급행철도(GTX-D) 도입 연구용역,서울특별시 강동구,서울특별시 강동구,제한(총액),2020/05/15 15:46(2020/05/21 14:00),
용역,20200518904-00,일반,2020년 사고사망재해 예방 방송캠페인물 제작 용역,한국산업안전보건공단,한국산업안전보건공단,제한(총액)협상에의한계약,2020/05/15 15:46(2020/05/26 10:00),
용역,20200518944-00,일반,2020년 인천어촌특화지원 신규역량강화(중구Ⅰ) 용역,한국어촌어항공단,한국어촌어항공단,제한(총액)협상에의한계약,2020/05/15 15:46(2020/05/26 10:00),
용역,20200518936-00,긴급,임동 도시재생뉴딜사업 생활환경개선 및 실행방안 작성 용역,광주광역시 북구,광주광역시 북구,일반(총액)협상에의한계약,2020/05/15 15:45(2020/05/26 17:00),
용역,20200517778-00,일반,농식품 원산지검정법 유효성 검증 및 개선 용역,조달청 대구지방조달청,농림축산식품부 국립농산물품질관리원 시험연구소,수의(총액),2020/05/15 15:45(2020/05/18 12:00),
용역,20200517693-00,일반,교원참여형 교육과정 평가 실행모델 개발 연구(비수도권),조달청 서울지방조달청,국가교육회의,제한(총액)협상에의한계약,2020/05/15 15:44(2020/05/27 10:00),
용역,20200513086-00,긴급,2020년 스마트폰 과의존 실태조사,조달청,한국정보화진흥원,일반(총액)협상에의한계약,2020/05/15 15:43(2020/06/04 10:00),
용역,20200517814-00,긴급,교육행정기관 통합 홈페이지 및 통합 예약시스템 구축 사업 용역,조달청 부산지방조달청,부산광역시교육청,제한(총액)협상에의한계약,2020/05/15 15:40(2020/05/29 10:00),
용역,202005150203-00,일반,제2 직장어린이집 위탁운영 용역,(주)강원랜드,강원랜드,일반(총액)협상에의한계약,2020/05/15 15:39(2020/06/05 15:00),
용역,20200508598-02,변경,2020학년도 진로강좌1 운영 용역 입찰공고,백석대학교,백석대학교,일반(총액)협상에의한계약,2020/05/15 15:38(-),
용역,20200518907-00,일반,(주)참다한 바이오 리모델링공사 실시설계용역,강원도 정선군,강원도 정선군,수의(총액)소액-견적입찰(2인 이상 견적 제출),2020/05/15 15:35(2020/05/21 10:00),
용역,20200518906-00,일반,효정초 체육관 증축 소방공사 감리용역,경기도교육청 경기도수원교육지원청,경기도교육청 경기도수원교육지원청,수의(총액)소액-견적입찰(2인 이상 견적 제출),2020/05/15 15:35(2020/05/21 10:00),
용역,20200518885-00,일반,2020년 식품의약품안전처 정밀안전점검 용역,보건복지부 오송생명과학단지지원센터,보건복지부 오송생명과학단지지원센터,수의(총액)소액-견적입찰(2인 이상 견적 제출),2020/05/15 15:34(2020/05/22 10:00),
용역,20200518657-00,긴급,내부통제시스템 도입 및 영상반출시스템 고도화,경기도 고양시,경기도 고양시,제한(총액)협상에의한계약,2020/05/15 15:33(2020/05/27 17:00),
용역,20200516489-00,일반,국회 정보시스템 본인인증 서비스 계약,조달청 서울지방조달청,국회 국회사무처,수의(총액),2020/05/15 15:32(2020/05/18 11:00),
용역,20200506513-03,변경,주택건설공사 감리자(건축)모집 공고(문화동 계룡맨션 주택재건축사업),대전광역시 중구,대전광역시 중구,일반경쟁,2020/05/15 15:32(2020/05/21 10:00),
용역,20200518824-00,일반,2020 문화가 있는 날 청춘마이크 전북권 사업 현장운영 용역,(재)전북문화관광재단,(재)전북문화관광재단,제한(총액)협상에의한계약,2020/05/15 15:30(-),
용역,20200518832-00,일반,방아실 마을배수로 정비공사 외 3개 공사 실시설계용역,경상북도 성주군,경상북도 성주군,수의(총액)소액-견적입찰(2인 이상 견적 제출),2020/05/15 15:30(2020/05/21 10:00),
용역,B5202001553-00,일반,2020년 영동군 상수도 현대화사업 누수탐사용역,한국수자원공사,한국수자원공사 충북지역협력단,제한경쟁,2020/05/15 15:30(2020/05/21 14:00),
용역,20200505946-02,취소,(취소공고)부산세관 청사 리모델링 건축기획 및 기본계획 수립 용역,관세청 부산세관,관세청 부산세관,제한(총액)협상에의한계약,2020/05/15 15:29(2020/05/18 10:00),
용역,20200518880-00,긴급,대야면 노인복지관 철거공사 폐기물처리 용역,전라북도 군산시,전라북도 군산시,제한(총액),2020/05/15 15:29(2020/05/21 12:00),
용역,20200518869-00,긴급,오석산정신요양원 기능보강사업 기본 및 실시설계용역,충청남도 부여군,충청남도 부여군,제한경쟁,2020/05/15 15:28(2020/05/21 10:00),
용역,9222619-00,일반,경부선 노량진역 등 25개역 LED 조명설비 개량공사 책임감리 용역,한국철도공사,한국철도공사,일반(총액),2020/05/15 15:28(2020/05/25 10:00),
용역,20200518839-00,일반,2020년 업무용 차량 손해보험 가입 용역,한국농어촌공사 경기지역본부 강화옹진지사,한국농어촌공사 경기지역본부 강화옹진지사,제한(총액),2020/05/15 15:23(2020/05/21 10:00),
용역,20200518866-00,긴급,서대구산단 재생사업 활성화구역 진입도로 확장공사 건설폐기물 운반용역,대구광역시 건설본부,대구광역시 건설본부,제한(총액),2020/05/15 15:23(2020/05/21 10:00),
용역,20200518865-00,일반,평창상수도시설 2020년 상반기 북부권배수지 청소,한국환경공단,한국환경공단,수의(총액)소액수의,2020/05/15 15:22(2020/05/20 10:00),
용역,20200518859-00,일반,"창원시 사용종료매립시설(수곡,남지) 주변환경영향종합조사 용역",경상남도 창원시,경상남도 창원시,수의(총액)소액-견적입찰(2인 이상 견적 제출),2020/05/15 15:22(2020/05/21 10:00),
용역,20200518372-00,일반,2020년 보훈병원 전산장비 통합유지관리 용역(재공고),한국보훈복지의료공단,한국보훈복지의료공단,일반(총액)협상에의한계약,2020/05/15 15:20(2020/05/26 10:00),
용역,20200518854-00,긴급,"전산기계실 인프라 재구축 사업[협상에 의한 계약,긴급]",경상남도 양산시,경상남도 양산시,제한(총액)협상에의한계약,2020/05/15 15:20(2020/05/29 17:00),
용역,20200518860-00,일반,해양재난 피해지원 개선 연구,가습기살균제사건과4.16세월호참사특별조사위원회,가습기살균제사건과4.16세월호참사특별조사위원회,제한(총액)협상에의한계약,2020/05/15 15:19(2020/05/28 14:00),
용역,20200518818-01,변경,온라인 전표결재 및 회계증빙 전자보관 시스템 개발 용역(재공고),대한적십자사,대한적십자사,제한(총액)협상에의한계약,2020/05/15 15:19(2020/05/26 14:00),
용역,20200514524-00,긴급,수질예측 고도화를 위한 분포형 모델 개발(Ⅰ) - 상세 수리·수문 모델링 -,조달청 인천지방조달청,환경부 국립환경과학원,일반(총액)협상에의한계약,2020/05/15 15:18(2020/05/26 10:00),
용역,20200518095-00,일반,대구달성경찰서 청사 신축공사 설계용역,조달청,경찰청 대구광역시지방경찰청,수의(설계공모),2020/05/15 15:16(-),
용역,20200518822-00,긴급,서대구산단 재생사업 활성화구역 진입도로 확장공사 건설폐기물 처리용역,대구광역시 건설본부,대구광역시 건설본부,제한(총액),2020/05/15 15:15(2020/05/21 10:00),
용역,9222618-00,일반,구로차량기지 등 4개소 LED 조명설비 개량공사 책임감리 용역,한국철도공사,한국철도공사,일반(총액),2020/05/15 15:14(2020/05/25 10:00),
용역,20200518347-00,일반,가습기살균제 피해자 추모 지원제도 마련 연구,가습기살균제사건과4.16세월호참사특별조사위원회,가습기살균제사건과4.16세월호참사특별조사위원회,일반(총액)협상에의한계약,2020/05/15 15:13(2020/05/28 10:00),
용역,20200516873-00,일반,2020년 국제 지식재산 나눔사업 부탄 적정기술(스마트 허브건조기술) 개발보급 용역 사업,조달청 서울지방조달청,한국발명진흥회,제한(총액)협상에의한계약,2020/05/15 15:13(2020/05/26 10:00),
용역,20200518797-00,일반,2020학년도 예산 덕산중학교 회복적 생활교육 집단상담 프로그램 용역,충청남도예산교육청 덕산중학교,충청남도예산교육청 덕산중학교,일반(총액)규격가격동시,2020/05/15 15:11(2020/05/25 11:00),
용역,20200518825-00,긴급,철원RPC 앞 회전교차로 설치사업 폐기물처리용역,강원도 철원군,강원도 철원군,수의(총액)소액-견적입찰(2인 이상 견적 제출),2020/05/15 15:11(2020/05/20 12:00),
용역,20200518757-00,일반,2020년 IBK기업부동산자문서비스 운영 사업자 선정,중소기업은행,중소기업은행,제한(총액)협상에의한계약,2020/05/15 15:09(-),
용역,20200518370-00,일반,교통노면표시 재귀반사성능DB 관리시스템 구축을 위한 ISP 수립,조달청 강원지방조달청,도로교통공단,제한(총액)협상에의한계약,2020/05/15 15:08(2020/05/26 10:00),
용역,20200518816-00,일반,의료폐기물 위탁처리 용역 업체선정을 위한 입찰공고,조선대학교병원,조선대학교병원,제한(총액),2020/05/15 15:06(-),
용역,20200518312-00,일반,소속기관 업무망과 인터넷망 분리 3차 구축 사업(네트워크),조달청,고용노동부,제한(총액)협상에의한계약,2020/05/15 15:05(2020/06/25 10:00),
용역,2001715-00,일반,행정중심복합도시 6-4UR2BL 아파트 건설공사 15공구(609호) 시공단계 감독권한대행 등 건설사업관리용역,한국토지주택공사,한국토지주택공사,일반경쟁,2020/05/15 15:05(2020/06/23 18:00),
용역,2001720-00,일반,양산사송 A-1BL 아파트 정보통신 및 소방공사 책임감리용역,한국토지주택공사,한국토지주택공사,일반경쟁,2020/05/15 15:05(2020/06/11 16:00),
용역,2001714-00,일반,부산장안A-1BL 아파트 건설공사 1공구(428호) 시공단계 감독권한대행 등 건설사업관리용역,한국토지주택공사,한국토지주택공사,일반경쟁,2020/05/15 15:05(2020/06/23 18:00),
용역,20200518771-00,일반,서대구산단 재생사업 활성화구역 진입도로 확장공사 가연성폐기물 운반 및 처리용역,대구광역시 건설본부,대구광역시 건설본부,수의(총액)소액-견적입찰(2인 이상 견적 제출),2020/05/15 15:02(2020/05/21 10:00),
용역,20200518043-00,긴급,119신고 모바일 웹페이지 구축사업,조달청 인천지방조달청,경기도 소방재난본부,제한(총액)협상에의한계약,2020/05/15 15:01(2020/06/05 10:00),
용역,20200518801-00,일반,방호비상시 방사선비상계획서 연계 평가,한국원자력통제기술원,한국원자력통제기술원,제한(총액)협상에의한계약,2020/05/15 15:00(2020/05/27 10:00),
용역,P2020-00033-00,일반,(긴급) 코트디부아르 아비장시 상수급수 연결 2차 사업기획관리(PM) 용역,한국국제협력단,한국국제협력단, ,2020/05/15 15:00(2020/06/08 15:00),
용역,20200518463-00,일반,2020년 용인시 도시계획정보체계(UPIS) 현행화 사업,조달청 인천지방조달청,경기도 용인시,수의(총액),2020/05/15 14:59(2020/05/19 16:00),
용역,20200518766-00,일반,인천서곶초등학교 옥상방수 및 장애인편의시설 설치공사 감리용역 수의계약 안내 공고,인천광역시교육청 인천광역시서부교육지원청,인천광역시교육청 인천광역시서부교육지원청,수의(총액)소액-견적입찰(2인 이상 견적 제출),2020/05/15 14:59(2020/05/21 10:00),
용역,E012004445-00,일반,신도안면 남선리 계룡시청 가로등(을) 지중신규 위치탐사용역(서대전지사),한국전력공사,재무자재부,제한(총액),2020/05/15 14:58(2020/05/25 10:00),
용역,20200518689-00,일반,무을초등학교 외 1교(형곡초) 진입로포장 및 기타공사 폐기물처리 용역 수의견적 제출 공고,경상북도교육청 경상북도구미교육지원청,경상북도교육청 경상북도구미교육지원청,수의(총액)소액-견적입찰(2인 이상 견적 제출),2020/05/15 14:57(2020/05/21 10:00),
용역,20200518787-00,긴급,양평도서문화센터(소극장)건립사업 일반설계 공모 공고(재공고),경기도 양평군,경기도 양평군,일반경쟁,2020/05/15 14:56(-),
용역,20200518780-00,긴급,(용역)산악기상 관측 및 활용체계 구축을 위한 기술 수요 분석 연구,산림청 국립산림과학원,산림청 국립산림과학원,제한(총액)협상에의한계약,2020/05/15 14:55(2020/05/25 10:00),
용역,20200502328-01,변경,"지역안전지수 및 교통분야 빅데이터 통합플랫폼 구축사업 감리용역(협상,변경공고)",광주광역시,광주광역시,일반(총액)협상에의한계약,2020/05/15 14:54(2020/05/20 15:00),
용역,20200518768-00,일반,"차세대 SAR 영상 제품을 위한 데이터, 속성 구성 설계 및 품질 평가 지표 연구 개발 용역",한국항공우주연구원,한국항공우주연구원,제한(총액)규격가격동시,2020/05/15 14:53(2020/05/22 10:00),
용역,20200518718-00,일반,인천중구시설관리공단 홈페이지 리뉴얼 및 기능 도입 용역,인천광역시중구시설관리공단,인천광역시중구시설관리공단,제한(총액)협상에의한계약,2020/05/15 14:53(-),
용역,20200518755-00,긴급,(용역)가리왕산 물지도 작성을 위한 토양 조사,산림청 국립산림과학원,산림청 국립산림과학원,제한(총액)협상에의한계약,2020/05/15 14:50(2020/05/25 10:00),
용역,20200518758-00,긴급,계양1동 행정복지센터 신축 건축설계 공모[긴급],인천광역시 계양구,인천광역시 계양구,일반경쟁,2020/05/15 14:50(-),
용역,20200515504-01,취소,과천정수장 고도정수처리시설 기본 및 실시설계 용역,경기도 과천시,경기도 과천시,지명경쟁,2020/05/15 14:49(2020/05/22 10:00),
용역,20200518733-00,일반,옥동광산 수질정화시설 사업장일반폐기물(슬러지오니) 운반 및 처리용역,한국광해관리공단,한국광해관리공단,수의(총액)소액수의,2020/05/15 14:48(2020/05/21 10:00),
용역,20200518763-00,일반,신월1리 마을만들기 마을회관 신축공사 폐기물처리 용역,경상북도 예천군,경상북도 예천군,수의(총액)소액-견적입찰(2인 이상 견적 제출),2020/05/15 14:48(2020/05/22 10:00),
용역,20200518752-00,일반,"2020년 상반기 구조,구급대원 건강검진 견적 제출공고",경상북도 포항북부소방서,경상북도 포항북부소방서,수의(총액)소액수의,2020/05/15 14:47(2020/05/22 10:00),
용역,20200518730-00,긴급,서울고척초 교사동 증축공사 설계용역(설계공모),서울특별시교육청 서울특별시남부교육지원청,서울특별시교육청 서울특별시남부교육지원청,일반경쟁,2020/05/15 14:44(-),
용역,20200518749-00,일반,영등포경찰서 석면철거 및 기타공사(폐기물처리 용역),경찰청 서울특별시지방경찰청 서울영등포경찰서,경찰청 서울특별시지방경찰청 서울영등포경찰서,제한(총액),2020/05/15 14:43(2020/05/19 15:00),
용역,20200518709-00,일반,경북 게임기업 DB 및 통계조사 연구 용역,재단법인 경북테크노파크,재단법인 경북테크노파크,제한(총액)협상에의한계약,2020/05/15 14:43(2020/05/26 14:00),
용역,20200509736-00,긴급,AI기반 시·청각장애인을 위한 스마트 미러 민원안내시스템 구축,조달청 서울지방조달청,한국지역정보개발원,제한(총액)협상에의한계약,2020/05/15 14:42(2020/06/05 10:00),
용역,20200518732-00,긴급,(용역)국립산림과학원 국민소통 강화 및 고객서비스 고도화 전략 수립,산림청 국립산림과학원,산림청 국립산림과학원,제한(총액)협상에의한계약,2020/05/15 14:40(2020/05/25 10:00),
용역,20200518493-00,일반,유원초 석면철거 감리용역 수의계약 안내공고,경상남도교육청 경상남도함안교육지원청,경상남도교육청 경상남도함안교육지원청,수의(총액)소액-견적입찰(2인 이상 견적 제출),2020/05/15 14:39(2020/05/21 10:00),
용역,20200518715-00,긴급,2020년 전반기 국방기술품질원 품질경영부 발간물 제작,국방기술품질원,국방기술품질원,제한(총액)협상에의한계약,2020/05/15 14:38(2020/05/26 10:00),
용역,20200518584-00,일반,평택경찰서 신축사업 설계용역,조달청,경찰청 경기도남부지방경찰청,수의(설계공모),2020/05/15 14:38(-),
용역,20200518728-00,일반,안전한 회의통화 시험 플랫폼 개발(재공고),국가보안기술연구소,국가보안기술연구소,제한(총액)협상에의한계약,2020/05/15 14:36(2020/05/26 11:30),
용역,20200516095-01,변경,기업수요 맞춤형 훈련 사업계획 심사 및 성과평가 도구개발 용역,한국기술교육대학교산학협력단,한국기술교육대학교산학협력단,일반(총액)협상에의한계약,2020/05/15 14:36(2020/06/02 10:00),
용역,20200518710-00,일반,성지로16번길 일원 노후하수관로 정비공사 폐기물처리용역,경기도 부천시 성곡동,경기도 부천시 성곡동,수의(총액)소액-견적입찰(2인 이상 견적 제출),2020/05/15 14:35(2020/05/22 12:00),
용역,20200518720-00,일반,지도정보 활용 위성영상 학습데이터 생성 효율화 기술 개발,한국항공우주연구원,한국항공우주연구원,제한(총액)협상에의한계약,2020/05/15 14:35(2020/05/26 10:00),
용역,20200518673-00,일반,지반열진공챔버 실험실 유지보수관리 용역,한국건설기술연구원,한국건설기술연구원,제한(총액)규격가격동시,2020/05/15 14:35(2020/05/26 11:00),
용역,20200439291-00,일반,2020 국가인권위원회 웹드라마 제작 및 송출,조달청 서울지방조달청,국가인권위원회,제한(총액)협상에의한계약,2020/05/15 14:34(2020/05/26 10:00),
용역,20200518676-00,일반,복컴 및 광복 수요변화에 대응한 공간효율화 제고를 위한 설계지침 수립 연구용역,행정중심복합도시건설청,행정중심복합도시건설청,제한(총액)협상에의한계약,2020/05/15 14:32(2020/05/26 12:00),
용역,20200518687-00,긴급,미제천(월연지구)지방하천 정비사업 실시설계용역(PQ후 가격입찰),전라북도,전라북도,일반경쟁,2020/05/15 14:31(2020/05/21 12:00),
용역,20200509751-00,긴급,2020년 누리-세종학당 온라인 서비스 개편 및 통합 운영,조달청 서울지방조달청,세종학당재단,수의(총액),2020/05/15 14:30(2020/05/18 11:00),
용역,20200518090-00,일반,2020년 종합기상정보시스템(COMIS-5) 3차년도 구축(ITSM도입),조달청 서울지방조달청,기상청,제한(총액)협상에의한계약,2020/05/15 14:29(2020/06/04 10:00),
용역,20200518702-00,일반,백운산 산림박물관 건립공사 건축설계 용역 제안공모 공고,전라남도 광양시,전라남도 광양시,일반경쟁,2020/05/15 14:29(-),
용역,9222617-00,일반,2020년 서울본부 전차선로 지장수목 제거용역,한국철도공사,한국철도공사,일반(총액),2020/05/15 14:28(2020/05/25 10:00),
용역,20200518267-00,긴급,미디어 리터러시 인정도서·지도서 개발(고교용),조달청 서울지방조달청,한국언론진흥재단,제한(총액)협상에의한계약,2020/05/15 14:28(2020/05/27 10:00),
용역,20200518695-00,긴급,HPC이노베이션허브 성과조사 및 서비스 수요조사 용역,한국정보통신기술협회,한국정보통신기술협회,일반(총액)협상에의한계약,2020/05/15 14:28(2020/05/27 15:00),
용역,20200518564-01,취소,독도종합정보시스템 개편 기획(안)수립 용역,한국해양과학기술원,한국해양과학기술원,제한(총액)협상에의한계약,2020/05/15 14:28(2020/05/26 10:00),
용역,20200518684-00,일반,대전형 커뮤니티케어 관계자 역량강화 교육과정 개발,재단법인대전복지재단,재단법인대전복지재단,제한(총액)협상에의한계약,2020/05/15 14:27(2020/05/26 10:00),
용역,20200518421-01,취소,영등포경찰서 석면철거 및 기타공사(폐기물처리 용역),경찰청 서울특별시지방경찰청 서울영등포경찰서,경찰청 서울특별시지방경찰청 서울영등포경찰서,제한(총액),2020/05/15 14:26(2020/05/19 14:00),
용역,20200517752-00,긴급,2020. 원격연수 콘텐츠 공동개발 계획,조달청 부산지방조달청,부산광역시교육청 부산광역시교육연구정보원,제한(총액)협상에의한계약,2020/05/15 14:24(2020/05/26 10:00),
용역,20200518674-00,일반,진도실업고등학교 기숙사(생활관)증축 외 1건 공사 설계용역(건축),전라남도교육청 전라남도진도교육지원청,전라남도교육청 전라남도진도교육지원청,수의(총액)소액-견적입찰(2인 이상 견적 제출),2020/05/15 14:22(2020/05/21 10:00),
용역,20200518551-01,변경,"공동사용 사무용소프트웨어(Microsoft OVS-ES, Korea Plus Statistics) 임차계약 갱신",경상대학교 교육정보전산원,경상대학교 교육정보전산원,제한(총액),2020/05/15 14:21(2020/05/26 10:00),
용역,20200518656-00,일반,지자체 청사기준면적 합리화 방안 연구(재공고),한국지방재정공제회,한국지방재정공제회,제한(총액)협상에의한계약,2020/05/15 14:19(2020/05/22 14:00),
용역,20200518667-00,긴급,"운산,도덕천 지방하천 정비사업 실시설계용역(PQ후 가격입찰)",전라북도,전라북도,일반경쟁,2020/05/15 14:18(2020/05/21 12:00),
용역,20200516093-00,일반,보안관제 종합시스템 구축,조달청 광주지방조달청,광주광역시교육청 광주광역시교육연구정보원,제한(총액)협상에의한계약,2020/05/15 14:17(2020/05/29 10:00),
용역,E082000250-00,일반,[울산화력]2020년도 발전연료유(저유황유) 검정용역 연간단가계약,한국동서발전주식회사,총무부,제한(총액),2020/05/15 14:13(2020/05/26 14:00),
용역,20200518646-00,일반,옥산교 외 1개교 정밀점검용역,경기도 연천군,경기도 연천군,수의(총액)소액-견적입찰(2인 이상 견적 제출),2020/05/15 14:12(2020/05/21 10:00),
용역,20200518651-00,긴급,제주특별자치도 광역음식물류폐기물처리시설조성사업 건설사업관리용역 (P.Q - 가격입찰),제주특별자치도,제주특별자치도,일반경쟁,2020/05/15 14:12(2020/05/21 14:00),
용역,20200518650-00,긴급,이윤천 지방하천 정비사업 실시설계용역(PQ후 가격입찰),전라북도,전라북도,일반경쟁,2020/05/15 14:12(2020/05/21 12:00),
용역,20200512333-00,긴급,원자력안전규제 지식관리시스템 구축사업,조달청,한국원자력안전기술원,제한(총액)협상에의한계약,2020/05/15 14:11(2020/06/10 10:00),
용역,20200518644-00,일반,2020년 사이버 문화유산 교육콘텐츠 제작,문화재청 한국전통문화대학교,문화재청 한국전통문화대학교,제한(총액)협상에의한계약,2020/05/15 14:10(2020/05/27 10:00),
용역,20200518635-00,일반,2020년 익산문화관광재단 SNS 활용 마케팅 운영 용역,재단법인익산문화관광재단,재단법인익산문화관광재단,제한(총액)협상에의한계약,2020/05/15 14:09(-),
용역,20200518636-00,일반,세종시 종합체육시설 경제성 등 분석 연구용역,행정중심복합도시건설청,행정중심복합도시건설청,일반(총액)협상에의한계약,2020/05/15 14:07(2020/05/26 12:00),
용역,20200518639-00,일반,2020년 거제 말쥐치 산란서식장 조성사업 자원량 및 효과조사,한국수산자원공단 남해본부,한국수산자원공단 남해본부,수의(총액),2020/05/15 14:07(2020/05/15 15:30),
용역,20200518629-00,일반,고촌중 체육관 및 수영장 증축공사 폐기물처리용역,경기도교육청 경기도김포교육지원청,경기도교육청 경기도김포교육지원청,수의(총액)소액-견적입찰(2인 이상 견적 제출),2020/05/15 14:07(2020/05/21 10:00),
용역,20200518614-00,일반,한국외대 서울시 캠퍼스타운 사업 온오프라인 취·창업 교육 프로그램 제안,한국외국어대학교 서울캠퍼스,한국외국어대학교 서울캠퍼스,제한(총액)협상에의한계약,2020/05/15 14:07(2020/06/26 11:00),
용역,20200518608-00,일반,전농천 악취저감 및 주민친화공간 조성사업 기본 및 실시설계 용역(PQ),서울특별시 성동구,서울특별시 성동구,일반경쟁,2020/05/15 14:06(2020/06/16 14:00),
용역,E012004436-00,일반,신도안면 남선리 계룡시청 가로등(을) 지중신규 감리용역(서대전지사),한국전력공사,재무자재부,제한(총액),2020/05/15 14:05(2020/05/25 10:00),
용역,2001758-00,일반,(긴급)스마트시티 세종 국가시범도시 착공식 행사대행 용역,한국토지주택공사,한국토지주택공사,일반경쟁,2020/05/15 14:05(2020/06/01 16:00),
용역,20200518605-00,일반,상모초등학교 진입로포장 및 기타공사 폐기물처리 용역 수의견적 제출 공고,경상북도교육청 경상북도구미교육지원청,경상북도교육청 경상북도구미교육지원청,수의(총액)소액-견적입찰(2인 이상 견적 제출),2020/05/15 14:03(2020/05/21 10:00),
용역,20200518620-00,긴급,"수양,용문천 지방하천 정비사업 실시설계용역(PQ후 가격입찰)",전라북도,전라북도,일반경쟁,2020/05/15 14:03(2020/05/21 12:00),
용역,20200518433-00,긴급,"2020학년도 연간 실험폐기물(폐약, 폐시약 등) 위탁처리용역",서울과학기술대학교,서울과학기술대학교,일반(총액),2020/05/15 14:02(2020/05/21 10:00),
용역,20200518615-00,일반,2020 인서울 마켓(사회적경제 마켓)@뚝섬 운영 용역(긴급),서울특별시,서울특별시,제한(총액)협상에의한계약,2020/05/15 14:01(2020/05/26 16:00),
용역,20200517956-00,긴급,국도31호선 인제 고사 외 2개소 도로정비공사 폐기물처리용역,국토교통부 원주지방국토관리청 홍천국토관리사무소,국토교통부 원주지방국토관리청 홍천국토관리사무소,제한(총액),2020/05/15 14:01(2020/05/21 10:00),
용역,20200518600-00,일반,구리시 발달장애인평생교육센터 설치 및 리모델링 공사 건설폐기물처리 용역,경기도 구리시,경기도 구리시,수의(총액)소액수의,2020/05/15 14:01(2020/05/21 12:00),
용역,20200518606-00,일반,의정부시 음식물류폐기물 자원화시설 퇴비 운반 및 처리 용역,코오롱환경에너지 주식회사,코오롱환경에너지 주식회사,일반(단가),2020/05/15 14:00(2020/05/27 12:00),
용역,20200517950-00,긴급,국도46호선 춘천 서 안보지구 도로정비공사 폐기물처리용역,국토교통부 원주지방국토관리청 홍천국토관리사무소,국토교통부 원주지방국토관리청 홍천국토관리사무소,제한(총액),2020/05/15 14:00(2020/05/21 10:00),
용역,B5202001537-00,일반,군남댐 개인하수처리시설 위탁관리 용역(2020~21년),한국수자원공사,한국수자원공사 연천포천권지사,제한경쟁,2020/05/15 14:00(2020/05/25 10:00),
용역,B5202001547-00,일반,2020년 광주수도관리단 외부사업장 제초작업 용역,한국수자원공사,한국수자원공사 광주수도관리단,일반경쟁,2020/05/15 14:00(2020/05/25 14:00),
용역,20200518609-00,긴급,2020년 공공분야 드론 임무특화교육 커리큘럼 개발 및 고도화,한국교통안전공단,한국교통안전공단,일반(총액)협상에의한계약,2020/05/15 13:59(2020/05/26 12:00),
용역,20200517859-00,일반,아산북수초등학교 가상현실 스포츠실 설치 용역 의뢰,조달청 대전지방조달청,충청남도교육청 충청남도아산교육청 아산북수초등학교,제한(총액)협상에의한계약,2020/05/15 13:57(2020/05/26 10:00),
용역,20200518598-00,일반,청소.경비용역입찰,경인의료재활센터병원,경인의료재활센터병원,제한(총액),2020/05/15 13:57(2020/05/21 15:00),
용역,20200518593-00,긴급,공단 창립 20주년 기념식 행사대행,국민건강보험공단,국민건강보험공단,제한(총액)협상에의한계약,2020/05/15 13:56(2020/06/01 11:00),
용역,20200518589-00,긴급,사천(풍산지구)지방하천 정비사업 실시설계용역(PQ후 가격입찰),전라북도,전라북도,일반경쟁,2020/05/15 13:55(2020/05/21 12:00),
용역,20200517697-00,일반,경북문화관광콘텐츠 활용전시 전시 연출 및 도록 발간,재단법인 한국국학진흥원,재단법인 한국국학진흥원,일반(총액)협상에의한계약,2020/05/15 13:54(-),
용역,20200518357-01,변경,온실가스 감축기술 현행화 방안 조사 연구,환경부 온실가스종합정보센터,환경부 온실가스종합정보센터,제한(총액)협상에의한계약,2020/05/15 13:54(2020/05/26 10:00),
용역,20200467-01,변경,전력거래 무선계량시스템 HMI개발 인력지원,한전KDN(주),한전KDN(주),제한(총액)규격가격동시,2020/05/15 13:54(2020/05/25 15:00),
용역,20200518177-00,일반,대구경찰관기동대 청사 신축 설계용역,조달청,경찰청 대구광역시지방경찰청,수의(설계공모),2020/05/15 13:53(-),
용역,20200518243-00,일반,수체계시설 팔당관로 매설공사 감독권한대행 등 건설사업관리용역,조달청,경기도 김포시,"일반경쟁(용역,PQ)",2020/05/15 13:52(2020/06/05 10:00),
용역,20200518578-00,일반,가우도 서남해안 섬숲 생태복원사업 타당성평가 용역,전라남도 강진군,전라남도 강진군,수의(총액)소액-견적입찰(2인 이상 견적 제출),2020/05/15 13:52(2020/05/21 10:00),
용역,20200517397-00,긴급,남해군 문화관광 홈페이지 전면개편 용역(협상에 의한 계약),조달청 경남지방조달청,경상남도 남해군,제한(총액)협상에의한계약,2020/05/15 13:52(2020/05/28 10:00),
용역,20200518573-00,일반,양산초외 1교(동산초) 본관동 내진보강 구조설계용역,경상남도교육청 경상남도양산교육지원청,경상남도교육청 경상남도양산교육지원청,수의(총액)소액-견적입찰(2인 이상 견적 제출),2020/05/15 13:51(2020/05/21 10:30),
용역,20200517937-00,긴급,학익배수지(증설)건설공사 건설폐기물처리용역,인천광역시 상수도사업본부,인천광역시 상수도사업본부,제한(총액),2020/05/15 13:50(2020/05/21 10:00),
용역,20200516772-00,긴급,모바일포렌식 도구(MFA) 구조 및 기능 개선,조달청 서울지방조달청,대검찰청,제한(총액)협상에의한계약,2020/05/15 13:49(2020/05/29 10:00),
용역,20200504060-00,긴급,불법촬영물 추적시스템 고도화,조달청 서울지방조달청,경찰청,제한(총액)협상에의한계약,2020/05/15 13:48(2020/05/29 10:00),
용역,20200518572-00,일반,2020년 산림조합중앙회 임직원건강검진,산림조합중앙회,산림조합중앙회,제한(총액)협상에의한계약,2020/05/15 13:48(-),
용역,20200518571-00,일반,제4차 광역교통시행계획 수립 연구(2차년도)연구의 부산울산권 O/D분석 및 사업성분석,재단법인 부산연구원,재단법인 부산연구원,제한(총액)협상에의한계약,2020/05/15 13:47(2020/05/27 17:00),
용역,E012004420-00,일반,2020년 인제지사 배전선로 열화상 진단용역,한국전력공사,재무자재부,제한(총액),2020/05/15 13:47(2020/05/25 10:00),
용역,20200518537-00,일반,2020년 고양시마을단위 LPG소형저장탱크 보급사업 설계 및 검측감리용역(고봉4통마을),고양시LP가스협회,고양시LP가스협회,제한경쟁,2020/05/15 13:46(-),
용역,20200518528-00,긴급,기양천 지방하천 정비사업 실시설계용역(PQ후 가격입찰),전라북도,전라북도,일반경쟁,2020/05/15 13:46(2020/05/21 12:00),
용역,20200518558-00,일반,와흘리 제주다움복원사업 기본계획수립 및 지역역량강화용역,한국농어촌공사 제주지역본부,한국농어촌공사 제주지역본부,일반(총액)협상에의한계약,2020/05/15 13:46(2020/06/29 12:00),
용역,E012004433-00,일반,"㈜맥서브 12,500kW 예비 신규공사 감리용역",한국전력공사,재무자재부,제한(총액),2020/05/15 13:45(2020/05/25 10:00),
용역,20200517887-00,긴급,2020 이태원지구촌축제 위탁용역,사단법인 이태원관광특구연합회,사단법인 이태원관광특구연합회,일반(총액),2020/05/15 13:45(2020/05/22 10:40),
용역,20200518563-00,일반,화학바이오분야 상용표준물질개발 로드맵구축 사업,한국화학융합시험연구원,한국화학융합시험연구원,일반(총액)협상에의한계약,2020/05/15 13:45(-),
용역,20200518555-00,일반,경찰병원 재활전문 입원병동(53.55)인테리어공사 폐기물처리용역,경찰청 경찰병원,경찰청 경찰병원,수의(총액)소액-견적입찰(2인 이상 견적 제출),2020/05/15 13:45(2020/05/21 10:00),
용역,20200518561-00,긴급,화학사고R&D 사업효과 분석 및 R&D와 사회문제해결 연계방안 연구,한국환경산업기술원,한국환경산업기술원,제한(총액)협상에의한계약,2020/05/15 13:44(2020/05/21 10:00),
용역,E062000310-00,일반,해외근무자 의료 안전관리서비스 용역,한국남동발전(주),계약자재부,제한(총액),2020/05/15 13:42(2020/05/28 14:00),
용역,E012004434-00,일반,2020년 평택전력지사 관내변전소 청소용역,한국전력공사,재무자재부,제한(총액),2020/05/15 13:42(2020/05/25 14:00),
용역,20200518378-00,일반,2020년도 「화폐납품단가  산정기준」 개정 자문용역,한국은행,한국은행,일반(총액)협상에의한계약,2020/05/15 13:41(-),
용역,20200518101-00,일반,유원초 석면폐기물 처리용역 수의계약 안내공고,경상남도교육청 경상남도함안교육지원청,경상남도교육청 경상남도함안교육지원청,수의(총액)소액-견적입찰(2인 이상 견적 제출),2020/05/15 13:40(2020/05/21 10:00),
용역,20200518507-00,일반,대림리 마을단위특화개발사업 기본계획수립 및 지역역량강화용역,한국농어촌공사 제주지역본부,한국농어촌공사 제주지역본부,일반(총액)협상에의한계약,2020/05/15 13:39(2020/06/29 12:00),
용역,20200517880-00,일반,원도심 도시재생 뉴딜사업(중심시가지형) 주민역량강화 용역(재공고),충청남도 보령시,충청남도 보령시,일반(총액)협상에의한계약,2020/05/15 13:38(-),
용역,20200518539-00,일반,2020년도 농업용저수지 예초용역,세종특별자치시,세종특별자치시,수의(총액)소액-견적입찰(2인 이상 견적 제출),2020/05/15 13:38(2020/05/21 10:00),
용역,20200518522-00,일반,2020년 관용차량 자동차보험 가입,제주특별자치도,제주특별자치도,수의(총액)소액-견적입찰(2인 이상 견적 제출),2020/05/15 13:36(2020/05/21 16:00),
용역,20200518531-00,긴급,"2020년 학교폭력예방교육 핵심강사 연수 급식,시설 임차",한국교원대학교 종합교육연수원,한국교원대학교 종합교육연수원,제한(총액)규격가격동시,2020/05/15 13:36(2020/05/21 10:00),
용역,20200517844-00,일반,2020년 산업안전보건 기술지원 용역 2단계 입찰 공고,경상남도교육청,경상남도교육청,일반(총액)규격가격동시,2020/05/15 13:36(2020/05/26 14:00),
용역,20200518388-00,일반,동광아파트 주변 도시계획도로(중로3-27호선) 개설공사 폐기물 처리용역,경기도 평택시 송탄출장소,경기도 평택시 송탄출장소,수의(총액)소액-견적입찰(2인 이상 견적 제출),2020/05/15 13:35(2020/05/21 10:00),
용역,20200518526-00,일반,도시재생지역의 도시회복력 향상을 위한 계획 및 설계 가이드라인 개발,한국건설기술연구원,한국건설기술연구원,제한(총액)협상에의한계약,2020/05/15 13:34(2020/05/26 11:00),
용역,20200513400-01,취소,2020년 관용차량 자동차보험 가입,제주특별자치도,제주특별자치도,수의(총액)소액-견적입찰(2인 이상 견적 제출),2020/05/15 13:34(2020/05/18 16:00),
용역,20200518519-00,일반,2020년 담양 금성산성 3D 스캔 용역(충용문~서문지)(재공고),전라남도 담양군,전라남도 담양군,제한경쟁,2020/05/15 13:32(2020/05/25 10:00),
용역,20200517426-00,일반,금오공업고등학교 내진성능평가용역 입찰 공고,경상북도교육청 경상북도구미교육지원청,경상북도교육청 경상북도구미교육지원청,제한경쟁,2020/05/15 13:31(2020/05/21 10:00),
용역,20200518475-00,일반,음식물류폐기물 자원화시설 그 밖의 폐수처리오니(폐수처리오니) 운반 및 처리 용역,코오롱환경에너지 주식회사,코오롱환경에너지 주식회사,일반(단가),2020/05/15 13:30(2020/05/27 12:00),
용역,20200518514-00,일반,수처리제(응집제) 실태조사 및 관리개선 연구,환경부 국립환경과학원,환경부 국립환경과학원,제한(총액)협상에의한계약,2020/05/15 13:30(2020/05/28 10:00),
용역,Y20S109000-00,일반,한빛사택 3단지 신축공사 가연성폐기물 처리용역,한국수력원자력주식회사,한국수력원자력(주) 한빛원자력본부,일반(총액),2020/05/15 13:30(2020/05/21 10:30),
용역,Y20S125000-00,일반,한빛본부 및 사택 배수로 정비공사 건설폐기물 처리용역,한국수력원자력주식회사,한국수력원자력(주) 한빛원자력본부,일반(총액),2020/05/15 13:30(2020/05/21 10:30),
용역,20200514170-01,취소,내포신도시 주차타워 및 건강생활증진센터 신축공사 설계용역,충청남도 홍성군,충청남도 홍성군,제한경쟁,2020/05/15 13:29(2020/05/19 10:00),
용역,20200518488-00,일반,2020년 동백지구 녹지 및 공공공지 제초용역(1구역),경기도 용인시,경기도 용인시,수의(총액)소액-견적입찰(2인 이상 견적 제출),2020/05/15 13:27(2020/05/21 10:00),
용역,20200513040-00,일반,2020학년도 보름초 방과후학교 원어민영어 운영 용역 2단계 입찰공고,경기도교육청 경기도김포교육지원청 보름초등학교,경기도교육청 경기도김포교육지원청 보름초등학교,제한(총액)규격가격동시,2020/05/15 13:27(2020/05/29 12:00),
용역,20200518501-00,일반,쇠고기 등급제 평가 및 개선방안 연구,농림축산식품부,농림축산식품부,제한(총액)협상에의한계약,2020/05/15 13:26(2020/05/28 10:00),
용역,20200518503-00,긴급,삼신봉터널 정밀안전진단 용역,경상남도,경상남도 도로관리사업소 진주지소,제한경쟁,2020/05/15 13:25(-),
용역,20200518499-00,긴급,2020년 조림지 풀베기사업 실시설계용역,강원도 고성군,강원도 고성군,수의(총액)소액-견적입찰(2인 이상 견적 제출),2020/05/15 13:25(2020/05/21 10:00),
용역,20200518496-00,일반,2020년 원자력안전정보공개센터 인지도 및 신뢰도향상 프로그램 이행,한국원자력안전기술원,한국원자력안전기술원,제한(총액)협상에의한계약,2020/05/15 13:25(2020/05/28 10:00),
용역,20200518497-00,일반,2020년 한국에너지기술연구원 기술마케팅 사업,한국에너지기술연구원,한국에너지기술연구원,제한(총액)협상에의한계약,2020/05/15 13:24(2020/05/26 10:00),
용역,20200518479-00,일반,북한 저작권 법제 및 체계에 관한 연구,한국저작권위원회,한국저작권위원회,제한(총액)협상에의한계약,2020/05/15 13:24(2020/05/26 14:00),
용역,20200518485-00,일반,"2020년 전국,장애인체전 성화봉송 장비제작 및 행사운영 용역",경상북도,경상북도,제한(총액)협상에의한계약,2020/05/15 13:23(2020/05/25 17:00),
용역,20200517838-00,일반,율촌면 조화리 등 3개소 관로조사 폐기물처리 용역,전라남도 여수시 상하수도사업단 하수도과,전라남도 여수시 상하수도사업단 하수도과,수의(총액)소액-견적입찰(2인 이상 견적 제출),2020/05/15 13:21(2020/05/20 14:00),
용역,20200518112-00,일반,2019년 위험도로 구조개선사업(군자지구) 폐기물처리용역【장기계속계약】,강원도 춘천시,강원도 춘천시,수의(총액)소액-견적입찰(2인 이상 견적 제출),2020/05/15 13:19(2020/05/21 10:00),
용역,20200518477-00,긴급,"삼산,화산지구 농어촌생활용수 개발사업 건설사업관리용역",전라남도 해남군,전라남도 해남군,지명경쟁,2020/05/15 13:19(2020/05/21 10:00),
용역,20200518462-00,일반,서울동부구치소 승강기 유지관리용역 소액수의계약 견적제출 안내공고,법무부 서울지방교정청 서울동부구치소,법무부 서울지방교정청 서울동부구치소,수의(총액)소액-견적입찰(2인 이상 견적 제출),2020/05/15 13:18(2020/05/21 10:00),
용역,20200518469-00,일반,율촌면 조화리 등 3개소 관로조사 용역,전라남도 여수시 상하수도사업단 하수도과,전라남도 여수시 상하수도사업단 하수도과,제한경쟁,2020/05/15 13:17(2020/05/22 14:00),
용역,20200518464-00,일반,국가기술자격 동영상 실기시험 효용성 분석 및 개선방안 연구용역,한국산업인력공단,한국산업인력공단,제한(총액)협상에의한계약,2020/05/15 13:16(2020/05/26 10:00),
용역,20200518473-00,일반,저작권의 헌법적 기초에 관한 연구,한국저작권위원회,한국저작권위원회,제한(총액)협상에의한계약,2020/05/15 13:16(2020/05/26 14:00),
용역,20200518470-00,일반,ISOL 및 IF 표적폐기물 포장용기 공학설계용역,기초과학연구원,기초과학연구원,제한경쟁,2020/05/15 13:15(2020/05/27 14:00),
용역,20200517847-00,일반,울산 조선해양산업 실태조사 용역,재단법인 울산정보산업진흥원,재단법인 울산정보산업진흥원,일반(총액)협상에의한계약,2020/05/15 13:15(2020/05/25 10:00),
용역,20200518467-00,일반,2020년 조림지 풀베기사업 감리용역(2020 조림지구),충청북도 청주시,충청북도 청주시,수의(총액)소액-견적입찰(2인 이상 견적 제출),2020/05/15 13:14(2020/05/21 10:00),
용역,20200518288-00,일반,스포츠센터 통합운영 관리시스템 구축 용역,조달청 경남지방조달청,김해시도시개발공사,수의(총액),2020/05/15 13:13(2020/05/20 12:00),
용역,20200518466-00,긴급,살생물제생활화학제품R&D 사업효과 분석 및 대체시험법 로드맵 마련 연구,한국환경산업기술원,한국환경산업기술원,제한(총액)협상에의한계약,2020/05/15 13:13(2020/05/21 10:00),
용역,20200518458-00,긴급,[가격입찰]거제경남아파트 재건축 추진을 위한 정밀안전진단,부산광역시 연제구,부산광역시 연제구,제한경쟁,2020/05/15 13:09(2020/05/21 10:00),
용역,20200517931-00,일반,서울대학교 창업자 전문분야 지원서비스,조달청 서울지방조달청,서울대학교 연구처,제한(총액)협상에의한계약,2020/05/15 13:05(2020/05/26 10:00),
용역,20200517459-00,일반,목포신항 대체진입도로 건설공사 소규모환경영향평가용역,해양수산부 목포지방해양수산청,해양수산부 목포지방해양수산청,지명경쟁,2020/05/15 13:02(2020/05/20 16:00),
용역,20200518454-00,일반,건축상품 유통 시스템 개발 및 건축용 3D 프린팅 설계지원 도구 고도화,한국건설기술연구원,한국건설기술연구원,제한(총액)협상에의한계약,2020/05/15 13:01(2020/05/26 11:00),
용역,20200517081-00,일반,칠곡군 홈페이지 전면개편 용역,조달청 대구지방조달청,경상북도 칠곡군,제한(총액)협상에의한계약,2020/05/15 13:00(2020/06/05 10:00),
용역,B5202001541-00,일반,2020년 대청댐 외부경관개선공사 건설폐기물 처리용역,한국수자원공사,한국수자원공사 금강경영계획처,수의계약,2020/05/15 13:00(2020/05/21 13:00),
용역,20200518452-00,일반,2020년 조림지 풀베기사업 감리용역(기타지구),충청북도 청주시,충청북도 청주시,수의(총액)소액-견적입찰(2인 이상 견적 제출),2020/05/15 12:59(2020/05/21 10:00),
용역,20200516110-00,긴급,빅데이터 기반 지능형 에너지관리시스템,조달청 대구지방조달청,한국정보화진흥원,제한(총액)협상에의한계약,2020/05/15 12:59(2020/06/16 10:00),
용역,20200518446-00,일반,2020년 조림지 풀베기사업 감리용역(낭성지구),충청북도 청주시,충청북도 청주시,수의(총액)소액-견적입찰(2인 이상 견적 제출),2020/05/15 12:52(2020/05/21 10:00),
용역,20200518440-00,일반,서울시 외국인지원시설 재구조화 타당성조사 용역,서울특별시,서울특별시,제한(총액)협상에의한계약,2020/05/15 12:51(2020/05/26 17:00),
용역,20200518442-00,긴급,한터초 교사2호동 정밀안전진단용역,경기도용인교육청,경기도용인교육청,제한경쟁,2020/05/15 12:49(2020/05/21 10:00),
용역,20200514125-01,취소,구산면 일대 하수관로 정비공사 기본 및 실시설계용역 사업수행능력평가 안내 취소 공고,경상남도 창원시 하수도사업소,경상남도 창원시 하수도사업소,일반경쟁,2020/05/15 12:48(-),
용역,20200518435-00,일반,교량 NSM 긴장 보강공법 정착장치 안정성 분석,한국건설기술연구원,한국건설기술연구원,제한(총액)협상에의한계약,2020/05/15 12:45(2020/05/26 11:00),
용역,20200518434-00,일반,2020년도 청년 인권의식 및 혐오표현 실태조사,서울특별시,서울특별시,제한(총액)협상에의한계약,2020/05/15 12:41(2020/05/26 16:00),
용역,20200518228-00,일반,2020년 동부소방서 소방차량 종합보험 가입,제주특별자치도 동부소방서,제주특별자치도 동부소방서,수의(총액)소액수의,2020/05/15 12:40(2020/05/20 10:00),
용역,20200518428-00,긴급,"나노위성개발 자문, 수출 비즈니스모델 개발을 위한 전문가 컨설팅 및 네트워크 활성화",한국해양과학기술원,한국해양과학기술원,일반(총액)협상에의한계약,2020/05/15 12:32(2020/05/26 10:00),
용역,20200517140-01,취소,2020년도 청년 인권의식 및 혐오표현 실태조사,서울특별시,서울특별시,제한(총액)협상에의한계약,2020/05/15 12:32(2020/05/26 16:00),
용역,20200518426-00,일반,BIM to DR 플랫폼 고도화 및 AR기반 건설 시뮬레이션 개발,한국건설기술연구원,한국건설기술연구원,제한(총액)협상에의한계약,2020/05/15 12:23(2020/05/26 11:00),
용역,20200518422-00,일반,2020년 독립기념관 독도학교 독도답사,독립기념관,독립기념관,제한(총액)협상에의한계약,2020/05/15 12:21(-),
용역,20200508259-01,취소,서울시 외국인지원시설 재구조화 타당성조사 용역,서울특별시,서울특별시,제한(총액)협상에의한계약,2020/05/15 12:18(2020/05/26 17:00),
용역,20200517437-00,일반,2020년 항공기상정보 서비스 개선,조달청 인천지방조달청,기상청 항공기상청,제한(총액)협상에의한계약,2020/05/15 12:16(2020/06/05 10:00),
용역,20200518147-00,일반,2020년 미세먼지 교육 및 홍보자료 제작,서울특별시교육청 학교보건진흥원,서울특별시교육청 학교보건진흥원,제한(총액)규격가격동시,2020/05/15 12:02(2020/05/27 17:00),
용역,20200518412-00,긴급,공정 현장 훈련 시스템 설계 및 개발 평가,숭실대학교 산학협력단,숭실대학교 산학협력단,일반(총액)협상에의한계약,2020/05/15 12:01(2020/05/29 17:00),
용역,20200518335-00,일반,용인신촌중 화장실 개선공사 설계용역,경기도용인교육청,경기도용인교육청,수의(총액)소액-견적입찰(2인 이상 견적 제출),2020/05/15 11:58(2020/05/21 10:00),
용역,20200518407-00,일반,2020년 조림지 풀베기사업 감리용역(미원지구),충청북도 청주시,충청북도 청주시,수의(총액)소액-견적입찰(2인 이상 견적 제출),2020/05/15 11:55(2020/05/21 10:00),
용역,20200442480-01,취소,서울국제만화애니메이션페스티벌 행사장 조성 총괄 대행,사단법인 서울국제만화애니메이션페스티벌조직위원회,사단법인 서울국제만화애니메이션페스티벌조직위원회,일반경쟁,2020/05/15 11:55(2020/05/15 17:00),
용역,20200517951-01,변경,"성희여자고등학교 특별교실, 체육관, 급식소 내진성능평가 용역",경상북도교육청 성희여자고등학교,경상북도교육청 성희여자고등학교,수의(총액)소액-견적입찰(2인 이상 견적 제출),2020/05/15 11:53(2020/05/26 10:00),
용역,20200517823-00,긴급,구미제1국가산업단지 재생사업(공단동 196번지) 건설폐기물 처리용역(지정폐기물),경상북도 구미시,경상북도 구미시,일반(총액),2020/05/15 11:44(2020/05/21 14:00),
용역,20200517494-00,일반,서울국제만화애니메이션페스티벌 행사장 조성 총괄 대행,사단법인 서울국제만화애니메이션페스티벌조직위원회,사단법인 서울국제만화애니메이션페스티벌조직위원회,일반(총액)협상에의한계약,2020/05/15 11:43(2020/05/25 12:00),
용역,E042000266-00,일반,산불대응 현장조치행동매뉴얼 개발 기술용역,한국남부발전주식회사,계약자재실,제한(총액),2020/05/15 11:41(2020/06/08 16:00),
용역,20200510961-01,변경,김포시 운양 반다비 체육센터 건립 기본 및 실시설계용역,경기도 김포시,경기도 김포시,일반경쟁,2020/05/15 11:41(-),
용역,20200518387-00,일반,서울 평생교육 전문성 강화 연수,서울특별시 평생교육진흥원,서울특별시 평생교육진흥원,제한(총액)협상에의한계약,2020/05/15 11:40(2020/05/26 17:00),
용역,20200518382-00,일반,2020년 미래인재 관세평가 전문가 양성 교육,관세청,관세청,제한(총액)협상에의한계약,2020/05/15 11:38(2020/06/26 17:00),
용역,20200513399-01,취소,"소하천 정비사업 건설사업관리용역(발막,송남) 집행계획 및 사업수행능력평가서 제출 안내",전라남도 영광군,전라남도 영광군,일반경쟁,2020/05/15 11:38(-),
용역,20200517180-00,일반,국립종자원 제주지원 청사신축 및 포장공사 감리용역(건축분야),조달청 제주지방조달청,농림축산식품부 국립종자원 제주지원,지역,2020/05/15 11:35(2020/05/21 10:00),
용역,20200517841-00,일반,"국립종자원 제주지원 청사신축 및 포장공사 감리용역(전기,통신,소방분야)",조달청 제주지방조달청,농림축산식품부 국립종자원 제주지원,지역,2020/05/15 11:34(2020/05/21 10:00),
용역,20200518366-00,일반,도시재생사업 연계 문화시설 건립 설계공모,부산광역시 강서구,부산광역시 강서구,일반경쟁,2020/05/15 11:30(-),
용역,20200518354-00,일반,외국인력상담센터 콜상담시스템 기능개선,한국산업인력공단,한국산업인력공단,제한(총액)협상에의한계약,2020/05/15 11:29(2020/05/28 10:00),
용역,20200518290-00,일반,다산신도시 지구외도로(4개소) 건설공사 폐아스콘처리용역,경기도시공사,경기도시공사,제한(총액),2020/05/15 11:29(2020/05/25 10:00),
용역,E012004423-00,일반,2020년 봉화지사 배전전주 특별점검 용역,한국전력공사,경영지원부,제한(총액),2020/05/15 11:28(2020/05/25 14:00),
용역,20200518152-00,일반,2020년도 이종욱펠로우십 프로그램 질병연구과정(결핵) 위탁운영,조달청 서울지방조달청,한국국제보건의료재단,일반(총액)협상에의한계약,2020/05/15 11:27(2020/05/29 10:00),
용역,20200518358-00,긴급,고도 현황조사 연구,문화재청,문화재청,제한(총액)협상에의한계약,2020/05/15 11:27(2020/05/26 12:00),
용역,20200517967-00,일반,국가 초고성능컴퓨팅 관련 연구개발활동 및 인력수급 실태조사,조달청,한국과학기술정보연구원,일반(총액)협상에의한계약,2020/05/15 11:22(2020/05/26 10:00),
용역,20200518049-00,일반,국도43호선 광주시 문형리 등 7개소 절토사면 정밀안전점검 및 성능평가용역,조달청,국토교통부 서울지방국토관리청 수원국토관리사무소,"일반경쟁(용역,PQ)",2020/05/15 11:22(2020/06/05 10:00),
용역,20200518323-00,일반,[긴급] 2020~2021시즌 WKBL 뉴미디어 채널 홍보 대행,한국여자농구연맹,한국여자농구연맹,일반(총액)협상에의한계약,2020/05/15 11:21(2020/05/25 14:00),
용역,20200518306-00,긴급,사회맞춤형 학과중점형 광고대행(협상에 의한 계약) 입찰 공고,부산과학기술대학교 산학협력단,부산과학기술대학교 산학협력단,일반(총액)협상에의한계약,2020/05/15 11:20(-),
용역,20200518336-00,긴급,수영강 휴먼브릿지 조성 기본 및 실시설계 지반조사용역,부산광역시,부산광역시,제한경쟁,2020/05/15 11:20(2020/05/21 10:00),
용역,20200518329-00,일반,(재공고)2020학년도 대학화보 제작업체 선정,계명문화대학,계명문화대학,제한(총액)종합낙찰제,2020/05/15 11:17(-),
용역,20200518309-00,일반,전주천교 내진보강공사 실시설계용역,전라북도 전주시 덕진구,전라북도 전주시 덕진구,수의(총액)소액-견적입찰(2인 이상 견적 제출),2020/05/15 11:15(2020/05/21 15:00),
용역,20200518322-00,일반,2020년 김천시 여름철 가족워크파크(물놀이장) 설치·해체 운영 사업,경상북도 김천시,경상북도 김천시,일반(총액)협상에의한계약,2020/05/15 11:14(-),
용역,20200517293-02,변경,무주군 소규모공공시설 안전점검 및 정비계획수립 용역,전라북도 무주군,전라북도 무주군,일반경쟁,2020/05/15 11:07(-),
용역,20200515328-01,취소,2020년도 소장자료 이미지 구축,조달청 서울지방조달청,문화체육관광부 국립한글박물관,제한(총액)협상에의한계약,2020/05/15 11:06(2020/05/28 10:00),
용역,20200517265-02,변경,무주군 자연재해 저감 종합계획 재수립 및 재해지도 작성 용역,전라북도 무주군,전라북도 무주군,일반경쟁,2020/05/15 11:05(-),
용역,20200518294-00,일반,대정중 외 3교 정밀안전점검 용역,제주특별자치도교육청 서귀포시교육지원청,제주특별자치도교육청 서귀포시교육지원청,제한경쟁,2020/05/15 11:05(2020/05/25 10:00),
용역,20200518271-00,일반,시도37호선 도로정비공사 건설폐기물처리용역,경기도 평택시 안중출장소,경기도 평택시 안중출장소,수의(총액)소액수의,2020/05/15 11:05(2020/05/21 10:00),
용역,20200518282-00,일반,2020학년도 화순고등학교 야구부 운행차량 임차용역 수의계약 안내 공고,전라남도교육청 화순고등학교,전라남도교육청 화순고등학교,수의(총액)소액수의,2020/05/15 11:05(2020/05/21 10:00),
용역,20200518289-00,일반,운전·대야천 하천기본계획 전략환경영향평가 용역,전라남도,전라남도,제한경쟁,2020/05/15 11:03(2020/05/26 10:00),
용역,E042000265-00,일반,기력2호기 터빈 및 보일러 설비 비파괴 검사 용역,한국남부발전주식회사,자재연료부,제한(총액),2020/05/15 11:03(2020/05/25 14:00),
용역,20200518287-00,일반,(재공고)2020학년도 대학 방송광고 대행업체 선정,계명문화대학,계명문화대학,제한(총액)종합낙찰제,2020/05/15 11:01(-),
용역,20200518281-00,일반,소액수의 견적제출 공고-2020년도 송도랜드마크시티(유) 재무·회계 조사용역,인천광역시 경제자유구역청,인천광역시 경제자유구역청,수의(총액)소액-견적입찰(2인 이상 견적 제출),2020/05/15 11:01(2020/05/21 10:00),
용역,20200518279-00,일반,삼남부두 소형선 계류시설 손해보험,여수광양항만공사,여수광양항만공사,수의(총액)소액-견적입찰(단일응찰 허용),2020/05/15 11:01(2020/05/20 14:00),
용역,20200423830-01,변경,과학기술정책연구원 홍보 동영상 제작,과학기술정책연구원,과학기술정책연구원,제한(총액)협상에의한계약,2020/05/15 10:59(2020/05/22 17:00),
용역,20200518273-00,일반,우체국예금 수익관리시스템 기능개선 연구,과학기술정보통신부 우정사업본부 우정사업조달센터,과학기술정보통신부 우정사업본부 우정사업조달센터,일반(총액)협상에의한계약,2020/05/15 10:58(2020/05/27 10:00),
용역,20200518261-00,일반,삼기천 하천기본계획 전략환경영향평가 용역,전라남도,전라남도,제한경쟁,2020/05/15 10:55(2020/05/26 10:00),
용역,20200500644-01,취소,통번역인 평가에 관한 용역 계약,조달청 서울지방조달청,대법원,제한(총액)협상에의한계약,2020/05/15 10:53(2020/05/19 10:00),
용역,20200518241-00,일반,하수도정비 중점관리지역(사상배수구역) 정비사업 지하매설물도(UIS)용역,부산광역시 사상구,부산광역시 사상구,수의(총액)소액-견적입찰(2인 이상 견적 제출),2020/05/15 10:53(2020/05/20 15:00),
용역,20200518251-00,일반,동남권 방사선 의과학 일반산업단지 교통영향평가(변경)용역,부산광역시 기장군,부산광역시 기장군,제한경쟁,2020/05/15 10:52(2020/05/21 10:00),
용역,9222577-00,일반,사업장폐기물 위탁처리용역,한국철도공사,한국철도공사,수의(단가),2020/05/15 10:51(2020/05/21 10:00),
용역,20200518213-00,일반,조직진단 및 체계적인 정원산정모델 수립용역,경기도시공사,경기도시공사,수의(총액)소액-견적입찰(2인 이상 견적 제출),2020/05/15 10:50(2020/05/22 10:00),
용역,20200518250-00,일반,2020년도 방송시장경쟁상황평가 설문조사,정보통신정책연구원,정보통신정책연구원,일반(총액)협상에의한계약,2020/05/15 10:49(-),
용역,E082000249-00,일반,[울산화력본부]2020년 작업환경측정용역,한국동서발전주식회사,총무부,제한(총액),2020/05/15 10:48(2020/05/26 12:00),
용역,20200518235-00,일반,창평·금곡천 하천기본계획 전략환경영향평가 용역,전라남도,전라남도,제한경쟁,2020/05/15 10:48(2020/05/26 10:00),
용역,20200517758-00,일반,대한민국 유네스코 가입 70주년 기념 홍보 업체 선정,조달청 서울지방조달청,외교부,제한(총액)협상에의한계약,2020/05/15 10:48(2020/05/29 10:00),
용역,20200518238-00,일반,OTT 동영상 서비스 콘텐츠 현황 실태 조사,정보통신정책연구원,정보통신정책연구원,일반(총액)협상에의한계약,2020/05/15 10:47(-),
용역,20200518222-00,일반,영암국제자동차경주장 가연성폐기물 위탁처리용역(단가계약),전남개발공사,전남개발공사,제한(단가),2020/05/15 10:46(2020/05/21 10:00),
용역,20200518225-00,일반,진부도시계획도로 소로3-18호 지상가옥철거공사 건설폐기물처리용역,강원도 평창군,강원도 평창군,수의(총액)소액-견적입찰(2인 이상 견적 제출),2020/05/15 10:45(2020/05/21 10:00),
용역,20200517813-00,일반,국도23호(신공주대교) 램프설치사업 도시관리계획(도로) 결정 용역,충청남도 공주시,충청남도 공주시,제한경쟁,2020/05/15 10:45(2020/05/22 10:00),
용역,20200518221-00,일반,2020년 자격검정 운영웹사이트 유지보수 및 운영지원,사단법인 한국정보통신진흥협회,사단법인 한국정보통신진흥협회,일반(총액)협상에의한계약,2020/05/15 10:43(-),
용역,20200518212-00,일반,양평교육지원청 청사 외부환경개선공사 건설폐기물 처리용역,경기도교육청 경기도양평교육지원청,경기도교육청 경기도양평교육지원청,수의(총액)소액-견적입찰(2인 이상 견적 제출),2020/05/15 10:43(2020/05/22 15:00),
용역,20200518206-00,일반,구상·대두·천은·금마천 하천기본계획 전략환경영향평가 용역,전라남도,전라남도,제한경쟁,2020/05/15 10:41(2020/05/26 10:00),
용역,E012004350-00,일반,에코델타시티(1단계)간선설치공사(전기) 통합감리용역(PQ),한국전력공사,재무자재부,일반(총액),2020/05/15 10:38(2020/06/26 10:00),
용역,20200518185-00,긴급,사업수행능력평가서 제출안내(죽도시장 공영주차장 건립공사 설계용역),경상북도 포항시,경상북도 포항시,제한경쟁,2020/05/15 10:37(-),
용역,20200518176-00,일반,불갑·마읍천 하천기본계획 전략환경영향평가 용역,전라남도,전라남도,제한경쟁,2020/05/15 10:35(2020/05/26 10:00),
용역,20200516775-01,취소,청사 외부환경개선공사 건설폐기물 처리용역 수의계약안내공고,경기도교육청 경기도양평교육지원청,경기도교육청 경기도양평교육지원청,수의(총액)소액-견적입찰(2인 이상 견적 제출),2020/05/15 10:35(2020/05/21 15:00),
용역,20200509784-00,일반,2020년 농산물 우수관리(GAP)안전성 분석사업 용역,경상북도 구미시 선산출장소,경상북도 구미시 선산출장소,수의(총액)소액-견적입찰(2인 이상 견적 제출),2020/05/15 10:34(2020/05/20 14:00),
용역,20200517358-01,취소,한터초 교사2호동 정밀안전진단용역,경기도용인교육청,경기도용인교육청,제한경쟁,2020/05/15 10:32(2020/05/20 10:00),
용역,20200518164-00,일반,2020년 송도국제도시 유수지 배수갑문 등(3개소) 정밀점검 용역,인천시설공단,인천시설공단,수의(총액)소액-견적입찰(2인 이상 견적 제출),2020/05/15 10:31(2020/05/21 10:00),
용역,20200518138-00,긴급,(지명경쟁)도일시장 공영주차장 건립공사 기본 및 실시설계용역,경기도 시흥시,경기도 시흥시,지명경쟁,2020/05/15 10:29(2020/05/21 10:00),
용역,20200518160-00,일반,해남군 마을회관 석면철거 및 보수공사 실시설계용역,전라남도 해남군,전라남도 해남군,수의(총액)소액-견적입찰(2인 이상 견적 제출),2020/05/15 10:28(2020/05/21 10:00),
용역,20200518150-00,긴급,NPE 보유특허 포트폴리오 현행화,한국지식재산보호원,한국지식재산보호원,제한(총액)협상에의한계약,2020/05/15 10:27(2020/05/21 14:00),
용역,20200518144-00,일반,2020년 담양읍 도시재생사업 교통환경개선 수립 용역,전라남도 담양군,전라남도 담양군,제한경쟁,2020/05/15 10:27(2020/05/25 10:00),
용역,20200518156-00,일반,고읍·마동천 하천기본계획 전략환경영향평가 용역,전라남도,전라남도,제한경쟁,2020/05/15 10:26(2020/05/26 10:00),
용역,20200517890-00,일반,2021학년도 경상대학교 수시 및 정시 모집요강 제작 사업자 선정,경상대학교 입학본부,경상대학교 입학본부,제한(총액)협상에의한계약,2020/05/15 10:26(2020/05/25 12:00),
용역,20200517295-00,일반,한국교직원공제회 온라인미디어 운영관리 용역,한국교직원공제회,한국교직원공제회,제한(총액)협상에의한계약,2020/05/15 10:21(2020/06/16 15:00),
용역,20200518137-00,긴급,함양 용평리 도시재생 아카이빙사업 용역(협상)-긴급,경상남도 함양군,경상남도 함양군,제한(총액)협상에의한계약,2020/05/15 10:21(-),
용역,20200518121-00,긴급,부계~의흥간 테마도로 개설공사 폐기물 처리용역,경상북도 군위군,경상북도 군위군,제한(총액),2020/05/15 10:20(2020/05/21 14:00),
용역,20200518141-00,일반,군도17호선(남산-칠전) 아스콘 덧씌우기공사 폐기물 처리용역,전라남도 진도군,전라남도 진도군,수의(총액),2020/05/15 10:20(2020/05/20 14:00),
용역,20200518133-00,일반,2021학년도 경남과학기술대학교 수시 모집요강 제작 사업자 선정,경남과학기술대학교,경남과학기술대학교,수의(총액)소액수의,2020/05/15 10:19(2020/05/22 14:00),
용역,20200518127-00,일반,군도4호선(관마-인지교) 아스콘 덧씌우기공사 폐기물 처리용역,전라남도 진도군,전라남도 진도군,수의(총액),2020/05/15 10:15(2020/05/20 14:00),
용역,20200518125-00,일반,남원시 농촌관광 발전계획 수립용역(협상에 의한 계약),전라북도 남원시,전라북도 남원시,제한(총액)협상에의한계약,2020/05/15 10:15(-),
용역,20200518122-00,일반,담양 대성사 교육관 건립공사 기본 및 실시설계 용역,전라남도 담양군,전라남도 담양군,제한경쟁,2020/05/15 10:13(2020/05/25 10:00),
용역,20200515527-01,취소,인터넷데이터센터(IDC) 시설·장비 임차 및 유지보수 용역,한국표준협회,한국표준협회,제한(총액),2020/05/15 10:13(2020/05/21 14:00),
용역,20200518051-01,변경,서울대학교 물질안전보건자료(MSDS) DB화(2단계) 추가사업,서울대학교 환경안전원,서울대학교 환경안전원,제한(총액)협상에의한계약,2020/05/15 10:11(2020/05/26 10:00),
용역,20200511423-01,취소,(지명경쟁)도일시장 공영주차장 건립공사 기본 및 실시설계용역,경기도 시흥시,경기도 시흥시,지명경쟁,2020/05/15 10:08(2020/05/18 10:00),
용역,20200518110-00,일반,2020년 이주배경청소년 실태조사,(재)이주배경청소년지원재단,(재)이주배경청소년지원재단,일반(총액)협상에의한계약,2020/05/15 10:07(-),
용역,20200505466-03,변경,로컬콘텐츠 발굴 및 제작 로컬매거진 문화곳간 나나 발간 용역 공고,사단법인 시민문화회의,사단법인 시민문화회의,일반(총액)협상에의한계약,2020/05/15 10:07(-),
용역,20200518103-00,일반,영덕군다함께행복청사 건립 기본계획 수립 및 타당성조사 용역,경상북도 영덕군,경상북도 영덕군,제한(총액),2020/05/15 10:07(2020/05/19 10:00),
용역,20200517849-00,긴급,2020년 NC 다이노스 트랙맨 시스템 용역 입찰 공고,(주)엔씨다이노스,(주)엔씨다이노스,일반(총액),2020/05/15 10:06(2020/05/19 17:00),
용역,20200518097-00,일반,인천 2호선 검단연장사업 예비타당성조사 대응 연구 용역,인천광역시,인천광역시,일반(총액)협상에의한계약,2020/05/15 10:05(2020/05/26 15:00),
용역,20200517909-00,일반,2020 외국인 환자 및 동반자 대상 1-Day 투어 운영,인천관광공사,인천관광공사,수의(총액)소액수의,2020/05/15 10:04(2020/05/21 12:00),
용역,20200516957-00,일반,강원도영월의료원 인공신장실 설치 및 분만병동 증축공사 감리(건축+기계설비) 용역,조달청 강원지방조달청,강원도영월의료원,지역,2020/05/15 10:04(2020/05/26 10:00),
용역,20200512566-01,변경,"2020학년도 인천숭의초등학교 5,6학년 수학여행 차량 임차용역 소액수의 견적제출 공고(수정)",인천광역시남부교육청 인천숭의초등학교,인천광역시남부교육청 인천숭의초등학교,수의(총액)소액수의,2020/05/15 10:02(2020/05/22 12:00),
용역,20200517229-00,일반,2020년 통계청-ILO 공조 프로젝트 사업,조달청,통계청,수의(총액),2020/05/15 09:58(2020/05/19 11:00),
용역,20200517799-00,긴급,정조로 일원 도로정비공사 폐기물처리용역,경기도 수원시 팔달구,경기도 수원시 팔달구,제한(총액),2020/05/15 09:58(2020/05/20 14:00),
용역,20200518071-00,일반,업무시스템 프로세서 개선,한국뇌연구원,한국뇌연구원,제한(총액)협상에의한계약,2020/05/15 09:57(2020/05/26 12:00),
용역,20200517097-01,변경,"공동체,기업가정신,지역경제활성화:인과성 규명을 위한 설문조사(1차년도예비조사6개지역본조사)",연세대학교 원주산학협력단,연세대학교 원주산학협력단,제한(총액)협상에의한계약,2020/05/15 09:56(2020/05/25 10:00),
용역,20200518066-00,일반,지방도 453호 평촌교 정밀안전진단용역,강원도,강원도,수의(단가)소액-견적입찰(2인 이상 견적 제출),2020/05/15 09:55(2020/05/22 10:00),
용역,20200517783-00,일반,국도45호선 용인시 어비리 등 8개소 절토사면 정밀안전점검용역,조달청,국토교통부 서울지방국토관리청 수원국토관리사무소,"일반경쟁(용역,PQ)",2020/05/15 09:55(2020/06/05 10:00),
용역,20200515622-01,변경,"벽파지구 마을하수도 정비사업 폐기물 처리용역(총괄분,1차분)",전라남도 진도군,전라남도 진도군,제한(총액),2020/05/15 09:51(2020/05/21 14:00),
용역,20200518050-00,긴급,구고~선거간 군도확포장공사 폐기물처리용역 전자입찰 공고,전라북도 임실군,전라북도 임실군,제한(총액),2020/05/15 09:50(2020/05/21 10:00),
용역,20200518045-00,일반,2020 경북콘텐츠코리아랩 간행물 제작 및 배포 용역,재단법인 경상북도콘텐츠진흥원,재단법인 경상북도콘텐츠진흥원,제한(총액)협상에의한계약,2020/05/15 09:50(2020/05/27 14:00),
용역,20200518048-00,일반,2020 예술분야 기업 일자리 정보 제공시스템 구축을 위한 정보화 전략계획(ISP) 수립 용역,(재)예술경영지원센터,(재)예술경영지원센터,제한(총액)협상에의한계약,2020/05/15 09:49(2020/05/26 14:00),
용역,20200516198-00,일반,가창 취 · 정수시설물 정밀안전진단 및 내진성능평가 용역,대구광역시 상수도사업본부 가창정수사업소,대구광역시 상수도사업본부 가창정수사업소,지명경쟁,2020/05/15 09:49(2020/05/22 14:00),
용역,20200518047-00,일반,청양군장애인회관건립(건축)공사 건축감리용역,충청남도 청양군,충청남도 청양군,수의(총액)소액-견적입찰(2인 이상 견적 제출),2020/05/15 09:48(2020/05/20 14:00),
용역,E012004356-00,일반,에코델타시티(1단계) 간선설치공사 VLF진단 용역,한국전력공사,재무자재부,제한(총액),2020/05/15 09:44(2020/05/25 10:00),
용역,20200518019-00,일반,대전 MICE 홍보동영상 제작 용역,대전마케팅공사,대전마케팅공사,제한(총액)협상에의한계약,2020/05/15 09:42(2020/05/26 14:00),
용역,20200518023-00,일반,2020년도 충청북도 청년정책 모니터링 대행용역 입찰공고,(재)충청북도기업진흥원,(재)충청북도기업진흥원,제한(총액)협상에의한계약,2020/05/15 09:42(2020/05/26 14:00),
용역,20200516832-00,일반,강원도 공공 어린이재활의료센터 건립 건축설계 공모,강원도,강원도,일반경쟁,2020/05/15 09:38(-),
용역,20200518013-00,긴급,치즈마을 앞 군도 확포장공사 폐기물처리용역 전자입찰 공고,전라북도 임실군,전라북도 임실군,제한(총액),2020/05/15 09:38(2020/05/21 10:00),
용역,20200517546-00,긴급,입찰공고 의뢰(20년 기후재원 관련 기후변화협상 동향 분석과 대응방안 연구용역),조달청 대전지방조달청,기획재정부,일반(총액)협상에의한계약,2020/05/15 09:37(2020/05/26 10:00),
용역,20200517908-00,일반,양식 종자산업 혁신 연구개발사업 기획연구,조달청 서울지방조달청,해양수산과학기술진흥원,제한(총액)협상에의한계약,2020/05/15 09:35(2020/05/27 10:00),
용역,20200517999-00,일반,차세대 정보체계 구축을 위한 ISP 수립,국방과학연구소,국방과학연구소,일반(총액)협상에의한계약,2020/05/15 09:33(2020/06/24 10:00),
용역,20200518005-00,긴급,인당 더 건강한 센터 플랫폼 구축 및 편의시설 정비 기본 및 실시설계용역(협상)-긴급,경상남도 함양군,경상남도 함양군,일반(총액)협상에의한계약,2020/05/15 09:33(-),
용역,20200517476-00,일반,인문대 2호관 및 민주마루 방수공사 건설폐기물처리 용역,전남대학교,전남대학교,수의(총액)소액수의,2020/05/15 09:32(2020/05/21 10:00),
용역,20200518004-00,긴급,2020년 음식물 자원화시설 관리위탁 용역(재공고),경기도 오산시,경기도 오산시,일반(총액)협상에의한계약,2020/05/15 09:32(-),
용역,20200466-01,변경,작업장 환경 및 인원 모니터링 시스템 개발,한전KDN(주),한전KDN(주),일반(총액)협상에의한계약,2020/05/15 09:32(2020/06/25 11:00),
용역,20200517998-00,일반,함양일반산업단지 폐수종말처리시설 위탁 운영관리 용역(긴급),경상남도 함양군,경상남도 함양군,제한(총액),2020/05/15 09:31(2020/05/21 14:00),
용역,20200517996-00,긴급,2020년괴산군가연성생활폐기물위탁처리용역(단가계약),충청북도 괴산군,충청북도 괴산군,제한(단가),2020/05/15 09:30(2020/05/20 16:00),
용역,20200517975-00,일반,탄동천 오수관로 정비공사 건설폐기물처리용역,대전광역시 유성구,대전광역시 유성구,수의(총액)소액수의,2020/05/15 09:28(2020/05/20 10:00),
용역,20200517992-00,일반,2020 한옥자원활용 야간상설공연 조명 및 음향 임차용역(협상에의한계약),전라북도 남원시,전라북도 남원시,제한(총액)협상에의한계약,2020/05/15 09:27(-),
용역,20200517691-00,일반,제8차 사할린 강제동원 희생자 유해봉환 용역,조달청 서울지방조달청,행정안전부 과거사관련업무지원단,제한(총액)협상에의한계약,2020/05/15 09:27(2020/05/29 10:00),
용역,20200514645-00,일반,소방설비(스프링클러설비 등) 설치공사 설계용역,전남대학교병원,전남대학교병원,제한경쟁,2020/05/15 09:25(2020/05/28 14:30),
용역,20200514566-00,일반,시설물 내진보강공사 설계용역,전남대학교병원,전남대학교병원,제한경쟁,2020/05/15 09:21(2020/05/28 14:00),
용역,20200517077-00,일반,보정동주민센터 인근 도로환경 개선공사 폐기물처리용역,경기도 용인시 기흥구,경기도 용인시 기흥구,수의(총액)소액-견적입찰(2인 이상 견적 제출),2020/05/15 09:20(2020/05/22 10:00),
용역,20200510442-01,변경,"일반열차(ITX-새마을, ITX-청춘, 무궁화호 외) 의자 세탁청소 용역",코레일테크주식회사,코레일테크주식회사,제한(단가),2020/05/15 09:18(2020/05/22 10:00),
용역,20200434863-01,변경,2020년도 「화폐납품단가  산정기준」 개정 자문용역,한국은행,한국은행,일반(총액)협상에의한계약,2020/05/15 09:17(-),
용역,20200517957-00,일반,2020 예산행복교육지구 마을교육과정 프로그램 운영 임차 용역,충청남도교육청 충청남도예산교육지원청,충청남도교육청 충청남도예산교육지원청,수의(총액)소액-견적입찰(2인 이상 견적 제출),2020/05/15 09:13(2020/05/21 10:00),
용역,20200517021-00,일반,한국원자력마이스터고등학교 학교시설 내진성능평가 용역 소액수의 견적제출 공고,경상북도교육청 경상북도포항교육지원청,경상북도교육청 경상북도포항교육지원청,수의(총액)소액-견적입찰(2인 이상 견적 제출),2020/05/15 09:11(2020/05/21 10:00),
용역,20200517941-01,변경,2020년 5권역(군산1) 폐기물 처리용역,한국어촌어항공단,한국어촌어항공단,제한(단가),2020/05/15 09:09(2020/05/25 10:00),
용역,202005150201-00,일반,E-감사시스템 고도화 용역(수의계약),(주)강원랜드,강원랜드,수의(총액),2020/05/15 09:07(2020/05/15 13:00),
용역,20200517945-00,일반,2020년 6권역(군산2) 폐기물 처리용역,한국어촌어항공단,한국어촌어항공단,제한(단가),2020/05/15 09:06(2020/05/25 10:00),
용역,20200517940-00,긴급,철도차량이력관리정보망 구축 및 철도안전정보종합관리시스템 노후장비 교체,한국교통안전공단,한국교통안전공단,제한(총액)협상에의한계약,2020/05/15 09:06(2020/06/04 12:00),
용역,20200517944-00,긴급,생물안전3등급(BL3)연구시설 재확인 검증 용역(긴급),전라북도 동물위생시험소,전라북도 동물위생시험소,수의(총액)소액-견적입찰(2인 이상 견적 제출),2020/05/15 09:06(2020/05/20 10:00),
용역,20200517942-00,일반,오픈 API 기반 공공서비스 개방 및 활성화 전략수립,한국정보화진흥원,한국정보화진흥원,제한(총액)협상에의한계약,2020/05/15 09:04(2020/05/28 10:00),
용역,20200517939-00,일반,2020년 하반기 초등영어교사심화연수(1+4+1형) 위탁기관선정 용역 재공고,경상북도교육청 경상북도교육청연수원,경상북도교육청 경상북도교육청연수원,일반(총액)규격가격동시,2020/05/15 09:03(2020/05/25 17:00),
용역,20200517934-00,일반,가정폭력 다기관 협업체계 개선방안 연구,경찰청,경찰청,제한(총액)협상에의한계약,2020/05/15 09:02(2020/05/26 10:00),
용역,2020SCF006116331-01,긴급,함정 수면하 선체 조패류 수중소제 용역,해군군수사령부,해군군수사령부,일반(총액),2020/05/15 09:00(2020/05/21 10:00),
용역,2020LNG00992020-07846-01,긴급,차양대 신축 설계 지반조사 용역(육-064),육군 제1군단,육군 제1군단,제한(총액),2020/05/15 09:00(2020/05/22 10:00),
용역,2020LNG01002020-07847-01,긴급,차양대 신축 설계 용역(육-064),육군 제1군단,육군 제1군단,제한(총액),2020/05/15 09:00(2020/05/22 10:00),
용역,2020MDW000620061-01,일반,임상실습 생도 수송용역,국군간호사관학교,국군간호사관학교,수의(총액),2020/05/15 09:00(2020/05/21 10:00),
용역,2020MDW000520040-01,일반,임상실습 생도 수송용역,국군간호사관학교,국군간호사관학교,수의(총액),2020/05/15 09:00(2020/05/21 10:00),
용역,2020LHK01402020-07782-01,긴급,유휴시설(2공구) 폐기물처리,육군 제2218부대,제2218부대,제한(총액),2020/05/15 09:00(2020/05/21 10:00),
용역,2020LHK01412020-07783-01,긴급,유휴시설(2공구) 지정폐기물 처리,육군 제2218부대,제2218부대,일반(총액),2020/05/15 09:00(2020/05/21 10:00),
용역,2020LHK01362020-07631-01,긴급,유휴시설(1공구) 폐기물처리,육군 제2218부대,제2218부대,제한(총액),2020/05/15 09:00(2020/05/21 10:00),
용역,2020LHK01382020-07633-01,긴급,유휴시설(1공구) 지정폐기물 처리,육군 제2218부대,제2218부대,일반(총액),2020/05/15 09:00(2020/05/21 10:00),
용역,2020UHD00332020-07797-01,긴급,여주전훈대 유휴시설 철거 폐기물처리용역,국방부,국방부,제한(총액),2020/05/15 09:00(2020/05/21 10:30),
용역,2020MCT003320060-01,일반,소방시설 종합정밀점검,국방부 국군체육부대,국군체육부대,수의(총액),2020/05/15 09:00(2020/05/21 10:00),
용역,2020UMM031318377-01,긴급,방탄 방호성능 기초연구용역,국방부 국군재정관리단,국군재정관리단,일반(총액),2020/05/15 09:00(2020/06/03 13:30),
용역,2020LHD00742020-07821-01,긴급,민간 위탁용역(제초),육군제7162부대,제7162부대,일반(총액),2020/05/15 09:00(2020/05/21 10:00),
용역,2020MHD003711236-02,재입찰,국방표준서 제정(4차) 연구,방위사업청,방위사업청(운영지원과),일반(총액),2020/05/15 09:00(2020/05/26 14:00),
용역,2020LGD001119997-01,일반,간부숙소 에어컨 실내기 청소용역,육군종합행정학교,육군종합행정학교,수의(총액),2020/05/15 09:00(2020/05/21 13:00),
용역,2020LMK002419778-02,변경,[20-42]20년 식기세척기 임차계약,육군 제3007부대,제3007부대,제한(총액),2020/05/15 09:00(2020/05/21 10:00),
용역,2020LGP00632020-07793-01,일반,59탄약대대 유휴시설 철거(지정폐기물처리),국방부 조달본부 원주1군지사,제5378부대,수의(총액),2020/05/15 09:00(2020/05/21 10:00),
용역,2020LGT002220003-01,일반,20년 전반기 소방시설 정밀검사 용역,육군제2307부대,제2307부대,수의(총액),2020/05/15 09:00(2020/05/21 10:00),
용역,2020LHG002220069-01,일반,20년 소방종합점검 용역,육군제1862부대,제1862부대,수의(총액),2020/05/15 09:00(2020/05/21 10:00),
용역,2020SFC009219439-01,긴급,20년 다중복합감시체계 외주정비 용역,해병 제9691부대,제9691부대,일반(총액),2020/05/15 09:00(2020/05/21 10:00),
용역,B5202001534-00,일반,2020년 원주권광역상수도 정수시설 청소용역,한국수자원공사,한국수자원공사 횡성원주권지사,수의계약,2020/05/15 09:00(2020/05/22 10:00),
용역,2020SCH008720046-01,일반,20-부 0000기지 폐기물 처리용역,해군작전사령부,제8621부대,수의(총액),2020/05/15 09:00(2020/05/21 10:00),
용역,2020UMM05032020-07546-01,긴급,20-국-00지역 건설사업관리용역(B190),국방부 국군재정관리단,국군재정관리단,일반(총액),2020/05/15 09:00(2020/06/05 14:00),
용역,2020UMM05102020-06781-01,일반,20-국-00부대 지형현황측량용역(B183),국방부 국군재정관리단,국군재정관리단,수의(총액),2020/05/15 09:00(2020/05/21 10:00),
용역,2020UMM05012020-06057-01,긴급,20-국-00부대 지정폐기물처리용역(B163),국방부 국군재정관리단,국군재정관리단,일반(총액),2020/05/15 09:00(2020/05/21 10:00),
용역,2020UMM05092020-06780-01,긴급,20-국-00부대 지반조사용역(B182),국방부 국군재정관리단,국군재정관리단,제한(총액),2020/05/15 09:00(2020/05/21 10:00),
용역,2020UMM05052020-06772-01,일반,20-국-00부대 지반조사용역(B178),국방부 국군재정관리단,국군재정관리단,수의(총액),2020/05/15 09:00(2020/05/21 10:00),
용역,2020UMM05082020-06778-01,일반,20-국-00부대 설계용역(B181),국방부 국군재정관리단,국군재정관리단,일반(총액),2020/05/15 09:00(2020/06/09 10:00),
용역,2020UMM05042020-06771-01,일반,20-국-00부대 설계용역(B177),국방부 국군재정관리단,국군재정관리단,일반(총액),2020/05/15 09:00(2020/06/09 10:00),
용역,2020UMM05112020-06756-01,일반,20-국-00부대 설계VE용역(B184),국방부 국군재정관리단,국군재정관리단,수의(총액),2020/05/15 09:00(2020/05/21 10:00),
용역,2020UMM05062020-06752-01,일반,20-국-00부대 설계VE용역(B179),국방부 국군재정관리단,국군재정관리단,수의(총액),2020/05/15 09:00(2020/05/21 10:00),
용역,2020UMM05122020-06757-01,일반,20-국-00부대 문화재지표조사용역(B185),국방부 국군재정관리단,국군재정관리단,수의(총액),2020/05/15 09:00(2020/05/21 10:00),
용역,2020UMM05072020-06774-01,일반,20-국-00부대 문화재지표조사용역(B180),국방부 국군재정관리단,국군재정관리단,수의(총액),2020/05/15 09:00(2020/05/21 10:00),
용역,2020UMM05132020-07385-01,긴급,20-공-0비 경유탱크 신축등 설계용역(D061),국방부 국군재정관리단,국군재정관리단,일반(총액),2020/05/15 09:00(2020/05/21 10:00),
용역,2020SFG009019959-01,일반,20-K-군 관사 물탱크 청소 용역,해군해병제9181부대,제9181부대,수의(총액),2020/05/15 09:00(2020/05/21 10:30),
용역,2020LCK002619988-01,일반,20-129 20년 사령부 물탱크 청소 용역(연 2회),육군제1596부대,제1596부대,수의(총액),2020/05/15 09:00(2020/05/21 10:00),
용역,2020LNM00082020-07842-01,일반,00부대 제초관리 용역,5181부대,제5181부대,수의(총액),2020/05/15 09:00(2020/05/20 10:00),
용역,2020LGR00142020-07834-01,긴급,00부대 유휴시설 철거공사(2공구)(폐기물),육군 제1288부대,제1288부대,제한(총액),2020/05/15 09:00(2020/05/22 10:00),
용역,2020LCZ00202020-07763-01,긴급,00부대 개발제한구역 관리계획 수립 용역,동원전력사령부,동원전력사령부,제한(총액),2020/05/15 09:00(2020/05/21 10:00),
용역,2020LNR00332020-07866-01,일반,00부대 4개소 석면철거 지정폐기물 처리,수도기계화보병사단,제7021부대,수의(총액),2020/05/15 09:00(2020/05/21 10:00),
용역,2020UMM029118449-01,일반,(20F115-A)보급근무분야 민간위탁 용역(경기포천),국방부 국군재정관리단,국군재정관리단,일반(총액),2020/05/15 09:00(2020/05/25 10:30),
용역,2020UMM028818842-01,일반,(20F109-A) ASP방화지대구축용역,국방부 국군재정관리단,국군재정관리단,제한(총액),2020/05/15 09:00(2020/05/25 10:30),
용역,20200513636-01,취소,강구초등학교 교사개축 건설폐기물 처리 용역,경상북도교육청 경상북도영덕교육지원청,경상북도교육청 경상북도영덕교육지원청,제한(총액),2020/05/15 08:58(2020/05/20 10:00),
용역,2020-02-000323-00,일반,경인선(구로~인천)외 1개노선 통신선로 개량 감리용역,한국철도시설공단,한국철도시설공단,제한경쟁,2020/05/15 08:55(2020/06/18 10:00),
용역,20200517927-00,일반,2019년 전북권역 어촌뉴딜300사업(대리항 등) 기본 및 실시설계 경제성 등 검토(설계VE) 용역,한국어촌어항공단,한국어촌어항공단,일반경쟁,2020/05/15 08:54(2020/05/25 10:00),
용역,20200512847-01,취소,서울대학교 창업자 전문분야 지원서비스,조달청 서울지방조달청,서울대학교 연구처,제한(총액)협상에의한계약,2020/05/15 08:50(2020/05/26 10:00),
용역,2020-02-000322-00,일반,진주~광양 전철화 통신설비 감리용역,한국철도시설공단,한국철도시설공단,제한경쟁,2020/05/15 08:49(2020/06/18 10:00),
용역,20200517921-00,긴급,남부하수 찌꺼기 감량화시설 개량공사 건설폐기물처리용역,부산광역시,부산광역시 건설본부,제한(총액),2020/05/15 08:46(2020/05/21 10:00),
용역,20200517916-00,긴급,성북구 재활용선별장 시설현대화 기본 및 실시설계 용역,서울특별시 성북구,서울특별시 성북구,제한경쟁,2020/05/15 08:46(2020/05/21 10:00),
용역,2020-02-000320-00,일반,대구권 광역철도 통신설비 감리용역,한국철도시설공단,한국철도시설공단,제한경쟁,2020/05/15 08:38(2020/06/18 10:00),
용역,2020050613001-00,취소,2020년 전북지역본부 매설배관 공동탐사 용역,한국가스공사,한국가스공사,제한(총액),2020/05/15 08:27(2020/05/25 14:00),
용역,20200515944-00,일반,2020년도 중소기업 미래성과공유제 확산 컨설팅 사업,조달청 서울지방조달청,재단법인 중소기업연구원,제한(총액)협상에의한계약,2020/05/15 07:40(2020/05/26 10:00),
용역,202000527-00,일반,고속국도 제29호 세종~포천선(세종~안성 1-10공구) 건설공사 등 5개구간 시공단계 건설사업관리용역,한국도로공사,한국도로공사 본사,일반(총액),2020/05/15 00:00(2020/06/23 11:00),
용역,202000528-00,일반,[재공고] 도로협력사업 기술조사 시행방안 연구,한국도로공사,한국도로공사 본사,제한(총액),2020/05/15 00:00(2020/05/26 10:00),
용역,202000497-00,일반,2020년도 중앙선 대동낙동강교(부산) 등 8개소 정밀안전진단 및 성능평가 용역 등 2건,한국도로공사,한국도로공사 본사,일반(총액),2020/05/15 00:00(2020/06/01 13:00),
용역,M20S013000-00,일반,2020년도 인재개발원 방역 및 소독 용역,한국수력원자력주식회사,한국수력원자력(주) 관리본부,일반(총액),2020/05/15 00:00(2020/05/21 12:00),
용역,E20S045000-00,일반,2020 사업자지원사업 사업평가 용역,한국수력원자력주식회사,한국수력원자력(주) 관리본부,일반(총액),2020/05/15 00:00(2020/05/25 11:00),
