"업무","공고번호-차수","분류","공고명","공고기관","수요기관","계약방법","입력일시(입력마감일시)"
"용역","20200711769-00","긴급","2020 에듀테크 코리아 페어 행사 대행 용역","사단법인 한국교육정보진흥협회","사단법인 한국교육정보진흥협회","제한(총액)협상에의한계약","2020/07/10 22:35(2020/07/21 10:00)"
"용역","20200711889-00","일반","환경산업연구단지 파일럿실험동 악취방지시설 실시설계","한국환경산업기술원","한국환경산업기술원","제한경쟁","2020/07/10 21:50(2020/07/20 10:00)"
"용역","20200710899-00","긴급","천연동 골목길 재생 환경개선 공사 건설폐기물 처리용역","서울특별시 서대문구","서울특별시 서대문구","수의(총액)소액-견적입찰(2인 이상 견적 제출)","2020/07/10 20:28(2020/07/16 10:00)"
"용역","20200711834-00","긴급","2020 국립아시아문화전당 아카이브시스템 고도화 사업","아시아문화원","아시아문화원","제한(총액)협상에의한계약","2020/07/10 20:00(2020/07/23 10:00)"
"용역","20200711870-00","일반","2020년 전라북도 사회조사 결과 분석 용역","전라북도","전라북도","제한(총액)협상에의한계약","2020/07/10 19:57(2020/07/21 18:00)"
"용역","20200711869-00","긴급","Citizen Data Scientist(CDS) 빅데이터 교육","조선대학교","조선대학교","일반(총액)협상에의한계약","2020/07/10 19:51(-)"
"용역","20200707572-03","변경","60세 도래자 치매예방서비스 요구도 조사","서초구치매안심센터","서초구치매안심센터","일반(총액)협상에의한계약","2020/07/10 19:27(-)"
"용역","20200711831-01","변경","2020년 정책숲가꾸기사업 실시설계용역","산림조합중앙회 용인시산림조합","산림조합중앙회 용인시산림조합","수의(총액)소액-견적입찰(2인 이상 견적 제출)","2020/07/10 19:06(2020/07/16 10:00)"
"용역","20200711849-00","일반","2020년 미세먼지저감 공익숲가꾸기사업 실시설계용역","산림조합중앙회 용인시산림조합","산림조합중앙회 용인시산림조합","수의(총액)소액-견적입찰(2인 이상 견적 제출)","2020/07/10 19:00(2020/07/16 10:00)"
"용역","20200711846-00","긴급","국도45호선 충무교 개축공사 소규모 환경영향평가용역","국토교통부 대전지방국토관리청 예산국토관리사무소 운영지원과","국토교통부 대전지방국토관리청 예산국토관리사무소 운영지원과","제한경쟁","2020/07/10 18:57(2020/07/16 12:00)"
"용역","20200711803-00","일반","사기막골천 소하천 정비공사 페기물처리용역","경기도 과천시","경기도 과천시","수의(총액)소액-견적입찰(2인 이상 견적 제출)","2020/07/10 18:48(2020/07/16 10:00)"
"용역","20200711836-00","일반","광암고가교 등 33개소 하반기 정기안전점검용역","광주광역시 종합건설본부","광주광역시 종합건설본부","제한경쟁","2020/07/10 18:41(2020/07/20 10:00)"
"용역","20200711830-00","일반","창원문성대학교 학사제도 혁신을 위한 통합정보시스템 고도화 사업","창원문성대학교산학협력단","창원문성대학교산학협력단","일반(총액)협상에의한계약","2020/07/10 18:39(2020/08/19 14:00)"
"용역","20200711829-00","일반","송정2교 등 31개소 하반기 정기안전점검용역","광주광역시 종합건설본부","광주광역시 종합건설본부","제한경쟁","2020/07/10 18:35(2020/07/20 10:00)"
"용역","20200711821-00","일반","임동교 등 34개소 하반기 정기안전점검용역","광주광역시 종합건설본부","광주광역시 종합건설본부","제한경쟁","2020/07/10 18:30(2020/07/20 10:00)"
"용역","20200711819-00","일반","한국방송통신대학교 종합상담시스템 유지보수 용역","한국방송통신대학교","한국방송통신대학교","수의(총액)소액-견적입찰(2인 이상 견적 제출)","2020/07/10 18:29(2020/07/16 10:00)"
"용역","20200635434-01","변경","순천향대학교 2020학년도 K-MOOC 자율참여강좌 개발사업 재공고","순천향대학교","순천향대학교","제한경쟁","2020/07/10 18:29(-)"
"용역","20200711817-00","긴급","국도45호선 충무교 개축공사 설계 경제성 검토(설계VE)용역","국토교통부 대전지방국토관리청 예산국토관리사무소 운영지원과","국토교통부 대전지방국토관리청 예산국토관리사무소 운영지원과","제한경쟁","2020/07/10 18:27(2020/07/16 12:00)"
"용역","20200710976-00","일반","온-나라 정책연구시스템 고도화 사업","조달청","행정안전부","제한(총액)협상에의한계약","2020/07/10 18:25(2020/07/21 10:00)"
"용역","20200711814-00","일반","2020년 미세먼지저감 숲가꾸기 선목사업(광도안정지구)","경상남도 통영시","경상남도 통영시","수의(총액)소액-견적입찰(2인 이상 견적 제출)","2020/07/10 18:23(2020/07/16 11:00)"
"용역","20200711802-00","일반","KOLAS 공인시험기관 인정을 위한 기술지원 및 컨설팅","제주대학교 산학협력단","제주대학교 산학협력단","제한(총액)협상에의한계약","2020/07/10 18:23(2020/07/21 10:00)"
"용역","20200711816-00","일반","우산본선교 등 35개소 하반기 정기안전점검용역","광주광역시 종합건설본부","광주광역시 종합건설본부","제한경쟁","2020/07/10 18:23(2020/07/20 10:00)"
"용역","20200711815-00","일반","2020년 건설폐기물 처리용역","서울특별시 상수도사업본부 암사아리수정수센터","서울특별시 상수도사업본부 암사아리수정수센터","수의(총액)소액수의","2020/07/10 18:22(2020/07/16 10:00)"
"용역","20200711806-00","일반","단장11지구 급경사지 붕괴위험지역 정비 생태자연도 등급조정 용역","경상남도 도로관리사업소","경상남도 도로관리사업소","수의(총액)소액-견적입찰(2인 이상 견적 제출)","2020/07/10 18:20(2020/07/16 10:00)"
"용역","20200711807-00","일반","광신대교 등 37개소 하반기 정기안전점검용역","광주광역시 종합건설본부","광주광역시 종합건설본부","제한경쟁","2020/07/10 18:16(2020/07/20 10:00)"
"용역","20200708426-00","일반","2020.미래설계 진로진학 콘서트 운영","재단법인 수원시청소년재단","재단법인 수원시청소년재단","제한(총액)협상에의한계약","2020/07/10 18:16(-)"
"용역","20200708286-00","일반","2020. 꿈틀(꿈을 만드는 틀) 창직교실 용역","재단법인 수원시청소년재단","재단법인 수원시청소년재단","제한(총액)협상에의한계약","2020/07/10 18:15(-)"
"용역","20200711805-00","긴급","국도34호선 인주검문소 고속축중기 위탁관리용역","국토교통부 대전지방국토관리청 예산국토관리사무소 운영지원과","국토교통부 대전지방국토관리청 예산국토관리사무소 운영지원과","제한경쟁","2020/07/10 18:12(2020/07/16 12:00)"
"용역","20200711532-00","일반","스마트콘텐츠 품질검증(QA지원) 및 컨설팅","재단법인 광주정보.문화산업진흥원","재단법인 광주정보.문화산업진흥원","일반(총액)협상에의한계약","2020/07/10 18:09(2020/07/21 10:00)"
"용역","20200711558-00","일반","2020년 현장안전진단팀 위탁교육","조달청 서울지방조달청","경찰청","수의(총액)","2020/07/10 18:05(2020/07/21 14:00)"
"용역","20200711799-00","일반","운암교 등 36개소 하반기 정기안전점검용역","광주광역시 종합건설본부","광주광역시 종합건설본부","제한경쟁","2020/07/10 18:05(2020/07/20 10:00)"
"용역","20200711772-00","긴급","수산 u-it융합모델화사업 - SW개발","김포수산","김포수산","제한(총액)협상에의한계약","2020/07/10 18:04(2020/07/22 14:00)"
"용역","20200709403-00","긴급","금옥여고 지정폐기물 처리용역","서울특별시교육청 서울특별시강서양천교육지원청","서울특별시교육청 서울특별시강서양천교육지원청","수의(총액)소액수의","2020/07/10 18:04(2020/07/15 10:00)"
"용역","20200632072-00","긴급","고용·노동 DW 및 공동이용시스템 구축 사업","조달청","한국고용정보원","일반(총액)협상에의한계약","2020/07/10 18:01(2020/08/11 10:00)"
"용역","20200711793-00","일반","2020 초등 영어 온라인 학습 위탁용역","경상북도교육청 경상북도상주교육지원청","경상북도교육청 경상북도상주교육지원청","수의(총액)소액-견적입찰(2인 이상 견적 제출)","2020/07/10 17:58(2020/07/17 10:00)"
"용역","20200711790-00","긴급","2020년 갯녹음 예방 바다숲 조성사업","전라남도 완도군","전라남도 완도군","제한경쟁","2020/07/10 17:55(2020/07/15 10:00)"
"용역","20200711766-00","일반","2020 충남 사회적경제 실태분석 및 개선방안 연구","사단법인 충남사회경제연대","사단법인 충남사회경제연대","일반(총액)협상에의한계약","2020/07/10 17:55(-)"
"용역","20200711787-00","일반","배터리 선도도시 포항 국제 컨퍼런스 2020 대행 용역(재공고)","경상북도 포항시","경상북도 포항시","제한(총액)협상에의한계약","2020/07/10 17:54(-)"
"용역","20200711785-00","일반","고척 풋살구장 인조잔디 분리회수 재활용 및 폐기물 처리용역","서울시설공단","서울시설공단","수의(총액)소액수의","2020/07/10 17:52(2020/07/16 12:00)"
"용역","20200711437-00","긴급","도내 해외 입국자 수송(3차) 대행 용역(긴급)","강원도","강원도","제한(총액)","2020/07/10 17:49(2020/07/16 10:00)"
"용역","20200640649-01","취소","고양시 법무행정통합지원시스템 개발 사업","조달청 서울지방조달청","경기도 고양시","제한(총액)협상에의한계약","2020/07/10 17:48(2020/07/24 10:00)"
"용역","20200711607-00","일반","2020년 민간 사막화방지 조림지원","조달청 서울지방조달청","한국임업진흥원","수의(총액)","2020/07/10 17:47(2020/07/14 17:00)"
"용역","20200711775-00","일반","내남교(상) 등 33개소 하반기 정기안전점검용역","광주광역시 종합건설본부","광주광역시 종합건설본부","제한경쟁","2020/07/10 17:46(2020/07/20 10:00)"
"용역","20200703887-00","일반","스마트공장 디지털 라이브러리 구축 용역","조달청","중소기업기술정보진흥원","제한(총액)협상에의한계약","2020/07/10 17:46(2020/08/05 10:00)"
"용역","20200711682-00","긴급","인천소래초 외 1교(장수초) 다목적강당 및 급식소 증축 전기공사 감리용역(긴급) 전자입찰 안내","인천광역시교육청 인천광역시동부교육지원청","인천광역시교육청 인천광역시동부교육지원청","제한경쟁","2020/07/10 17:45(2020/07/16 10:00)"
"용역","20200711745-00","긴급","EMR 인증기준 표준 개발 가이드 마련을 위한 교육프로그램 개발 및 운영 위탁 사업","조달청 서울지방조달청","재단법인한국보건의료정보원","제한(총액)협상에의한계약","2020/07/10 17:45(2020/07/21 10:00)"
"용역","20200711533-00","일반","2020년도 강원도청 공용차량 보험 가입","강원도","강원도","수의(총액)소액수의","2020/07/10 17:45(2020/07/16 10:00)"
"용역","20200711746-00","긴급","제8회 대한민국 국제해양레저위크(KIMA WEEK) 부산, 포항","사단법인 한국해양레저네트워크","사단법인 한국해양레저네트워크","제한(총액)협상에의한계약","2020/07/10 17:39(2020/07/20 17:00)"
"용역","20200711760-00","일반","(가칭)동삭유치원 신축 통신공사 감리용역","경기도교육청 경기도평택교육지원청","경기도교육청 경기도평택교육지원청","수의(총액)소액-견적입찰(2인 이상 견적 제출)","2020/07/10 17:39(2020/07/15 10:00)"
"용역","20200710393-00","일반","금양중 외 1교(금사초) 화장실개량 및 기타공사 설계용역","부산광역시교육청 부산광역시동래교육지원청","부산광역시교육청 부산광역시동래교육지원청","수의(총액)소액-견적입찰(2인 이상 견적 제출)","2020/07/10 17:38(2020/07/16 10:00)"
"용역","20200711754-00","일반","빛마루방송지원센터 생활폐기물 위탁 처리","한국방송통신전파진흥원","한국방송통신전파진흥원","제한(총액)","2020/07/10 17:37(2020/07/20 10:00)"
"용역","20200711748-00","일반","문화육교 등 33개소 하반기 정기안전점검용역","광주광역시 종합건설본부","광주광역시 종합건설본부","수의(총액)소액-견적입찰(2인 이상 견적 제출)","2020/07/10 17:35(2020/07/20 10:00)"
"용역","20200711740-00","일반","상수원보호구역 효용성 분석 및 안정적 용수수급 방안 연구용역","강원도 원주시","강원도 원주시 상하수도사업소","수의(총액)소액수의","2020/07/10 17:35(2020/07/16 10:00)"
"용역","20200711744-00","일반","도심빈집정비사업 건설폐기물 처리용역(삼학동,조촌동,수송동","전라북도 군산시","전라북도 군산시","수의(총액)소액-견적입찰(2인 이상 견적 제출)","2020/07/10 17:34(2020/07/15 12:00)"
"용역","20200710994-00","일반","용산형 고령친화도시 조성 연구용역","서울특별시 용산구","서울특별시 용산구","제한(총액)협상에의한계약","2020/07/10 17:31(2020/07/21 17:00)"
"용역","20200711730-00","일반","정밀조사 도면 전산제작 및 보고서 발간","한국광물자원공사","한국광물자원공사","제한(총액)협상에의한계약","2020/07/10 17:27(2020/08/21 14:00)"
"용역","20200711715-00","일반","위성 주파수 국제 등록 기술 용역","한국항공우주연구원","한국항공우주연구원","일반(총액)협상에의한계약","2020/07/10 17:26(2020/07/21 10:00)"
"용역","20200711724-00","긴급","중앙동 주민제안 주거환경 개선공사 폐기물처리 용역","전라북도 군산시","전라북도 군산시","수의(총액)소액-견적입찰(2인 이상 견적 제출)","2020/07/10 17:25(2020/07/15 12:00)"
"용역","20200711723-00","일반","2020년 부산광역시 교통조사 분석 용역","부산광역시","부산광역시","제한(총액)협상에의한계약","2020/07/10 17:25(2020/07/31 17:00)"
"용역","20200711693-00","일반","구산 외 2역 승강편의시설 설치부대공사(교통신호기) 설계용역","서울교통공사","서울교통공사","제한경쟁","2020/07/10 17:25(2020/07/20 10:00)"
"용역","20200711725-00","일반","NextPB 시스템 구축","(주)코스콤","(주)코스콤","제한(총액)협상에의한계약","2020/07/10 17:24(2020/07/31 14:00)"
"용역","20200711722-00","일반","-경기도수원월드컵경기장 내 활용가능 공간- 복합개발 구상 및 타당성 조사 용역 재공고","(재)경기도수원월드컵경기장관리재단","(재)경기도수원월드컵경기장관리재단","일반(총액)협상에의한계약","2020/07/10 17:24(-)"
"용역","20200710551-00","긴급","2020년도 선녀바위해변 일원 행락쓰레기 수거 용역","인천광역시 중구","인천광역시 중구","제한(총액)","2020/07/10 17:23(2020/07/16 10:00)"
"용역","20200710795-00","일반","서울지하철 1~8호선 환기구 실태조사 및 세부 개선대책 수립 연구 용역","서울교통공사","서울교통공사","일반(총액)협상에의한계약","2020/07/10 17:23(2020/07/21 10:00)"
"용역","20200704047-00","긴급","통신설비안전관리 시스템 1단계 구축","조달청 대구지방조달청","한국정보화진흥원","제한(총액)협상에의한계약","2020/07/10 17:22(2020/08/11 10:00)"
"용역","20200711499-00","일반","2020년 문화다양성 시범조사","조달청 서울지방조달청","문화체육관광부","수의(총액)","2020/07/10 17:22(2020/07/13 17:00)"
"용역","20200711588-00","일반","업무연속성 영향평가 컨설팅","(주)중소기업유통센터","(주)중소기업유통센터","제한(총액)협상에의한계약","2020/07/10 17:22(2020/07/21 16:00)"
"용역","20200711543-00","일반","군포정수장 고도정수처리시설 설치공사 사업장폐기물 처리 용역","경기도 군포시","경기도 군포시","수의(총액)소액-견적입찰(2인 이상 견적 제출)","2020/07/10 17:20(2020/07/16 14:00)"
"용역","20200711710-00","일반","데이터 3법 개정에 따른 지방자치단체 데이터 분석 추진체계 개선방안 연구","한국지역정보개발원","한국지역정보개발원","제한(총액)협상에의한계약","2020/07/10 17:19(2020/07/21 15:00)"
"용역","20200711638-00","일반","IoT기반 다중이용시설 실내공기질 상시측정 및 자동관제 용역","경기도 군포시","경기도 군포시","수의(총액)소액-견적입찰(2인 이상 견적 제출)","2020/07/10 17:19(2020/07/16 14:00)"
"용역","20200711703-00","일반","6.25전쟁 의료지원국 독일 참전사 발간","국가보훈처","국가보훈처","제한(총액)협상에의한계약","2020/07/10 17:19(2020/07/21 15:00)"
"용역","20200711694-00","일반","강북 어린이전문병원 복합개발 관련 전략환경영향평가 및 재해영향성검토 용역","서울특별시","서울특별시","제한경쟁","2020/07/10 17:17(2020/07/21 12:00)"
"용역","20200711696-00","긴급","국내여행상품 조기예약 할인지원 온라인 플랫폼 개발 및 운영 용역","한국여행업협회","한국여행업협회","일반(총액)협상에의한계약","2020/07/10 17:16(-)"
"용역","20200710128-00","긴급","20년 서울안보대화 특별세미나 행사용역","조달청 서울지방조달청","국방부","제한(총액)협상에의한계약","2020/07/10 17:15(2020/07/23 10:00)"
"용역","20200711067-00","긴급","국가 수문조사망 구축 용역","조달청 서울지방조달청","환경부 한강홍수통제소","수의(총액)","2020/07/10 17:14(2020/07/22 14:00)"
"용역","20200711690-00","일반","군집학습 시뮬레이터 3D 모델링 및 UI 디자인 제작 용역","동국대학교 산학협력단","동국대학교 산학협력단","일반(총액)2단계경쟁","2020/07/10 17:10(-)"
"용역","20200711675-00","긴급","공공처리시설 반입제한 대비 생활폐기물 위탁처리 용역","서울특별시 은평구","서울특별시 은평구","제한(총액)","2020/07/10 17:10(2020/07/16 10:00)"
"용역","20200711688-00","일반","3D기반 Virtual Seoul 플랫폼 고도화 감리용역(재공고)","서울특별시","서울특별시","제한(총액)협상에의한계약","2020/07/10 17:09(2020/07/21 16:00)"
"용역","20200711425-00","일반","수성대학교 전문대학 혁신지원사업 One-Day 취업캠프 위탁운영 업체선정 공고","수성대학교","수성대학교","일반(총액)협상에의한계약","2020/07/10 17:07(-)"
"용역","20200710453-01","취소","국내여행상품 조기예약 할인지원 온라인 플랫폼 개발 및 운영 용역","한국여행업협회","한국여행업협회","제한(총액)협상에의한계약","2020/07/10 17:05(-)"
"용역","20200708272-00","일반","故 김성환 화백 1주기 기념 전시 대행 용역","조달청 서울지방조달청","문화체육관광부 국립중앙도서관","제한(총액)협상에의한계약","2020/07/10 17:05(2020/07/28 10:00)"
"용역","2002575-00","일반","대규모 택지개발사업 철도의 적기설치를 위한 효율적 사업추진 및 운영방안 연구용역","한국토지주택공사","한국토지주택공사","일반경쟁","2020/07/10 17:05(2020/08/20 16:00)"
"용역","20200711680-00","긴급","국내여행 조기예약 할인판매 지원사업 여행상품 접수 및 심사, 평가","한국여행업협회","한국여행업협회","일반(총액)협상에의한계약","2020/07/10 17:03(-)"
"용역","20200710926-00","긴급","기록관리시스템 고도화 위탁감리","조달청 대전지방조달청","한국정보화진흥원","제한(총액)협상에의한계약","2020/07/10 17:02(2020/07/21 10:00)"
"용역","20200711668-00","긴급","양곡고등학교 선명당, 예체능실 내진성능평가용역","경기도교육청 양곡고등학교","경기도교육청 양곡고등학교","수의(총액)소액-견적입찰(2인 이상 견적 제출)","2020/07/10 17:01(2020/07/16 10:00)"
"용역","20200711671-00","일반","여수소방서 화학119구조대 내진성능평가 용역","전라남도","전라남도","수의(총액)소액-견적입찰(2인 이상 견적 제출)","2020/07/10 16:58(2020/07/16 10:00)"
"용역","20200711665-00","일반","수협중앙회 인사·급여 시스템, 수협은행 급여시스템 구축 용역 입찰","수협중앙회","수협중앙회","제한(총액)협상에의한계약","2020/07/10 16:57(-)"
"용역","20200711667-00","일반","대호호 내용적측량 및 타당성분석 용역","한국농어촌공사 충남지역본부 서산.태안지사","한국농어촌공사 충남지역본부 서산.태안지사","일반경쟁","2020/07/10 16:57(2020/07/20 10:00)"
"용역","20200710788-01","취소","국내여행 조기예약 할인판매 지원사업 여행상품 접수 및 심사, 평가","한국여행업협회","한국여행업협회","일반(총액)협상에의한계약","2020/07/10 16:56(-)"
"용역","20200711648-01","취소","여수소방서 화학119구조대 내진성능평가 용역","전라남도","전라남도","수의(단가)소액-견적입찰(2인 이상 견적 제출)","2020/07/10 16:52(2020/07/16 10:00)"
"용역","20200711651-00","일반","현암배수지 신설공사 실시설계용역","충청북도 청주시","충청북도 청주시","제한경쟁","2020/07/10 16:51(2020/07/20 10:00)"
"용역","20200711644-00","일반","삼척교(하행) 정밀안전진단 및 제1종성능평가 용역","강원도 삼척시","강원도 삼척시","수의(총액)소액-견적입찰(2인 이상 견적 제출)","2020/07/10 16:47(2020/07/16 10:00)"
"용역","20200711636-00","일반","2020년 추기 조림사업 실시설계 용역(충주)","충주산림조합","충주산림조합","수의(총액)소액-견적입찰(2인 이상 견적 제출)","2020/07/10 16:47(2020/07/16 10:00)"
"용역","20200707132-02","변경","2020년 경북SW미래채움사업 SW강사 양성 운영 용역","재단법인 포항테크노파크","재단법인 포항테크노파크","제한(총액)협상에의한계약","2020/07/10 16:44(-)"
"용역","20200711468-00","일반","동평중학교 다목적강당 및 급식실 증축공사 건축설계공모","부산광역시교육청 부산광역시남부교육지원청","부산광역시교육청 부산광역시남부교육지원청","수의계약","2020/07/10 16:38(2020/09/15 15:00)"
"용역","20200711624-00","일반","2020년 지역상품 브랜드 디자인 및 마케팅 전략 개발용역(8권역)","재단법인전라남도정보문화산업진흥원","재단법인전라남도정보문화산업진흥원","제한(총액)협상에의한계약","2020/07/10 16:38(2020/07/27 10:00)"
"용역","20200711596-00","일반","정림사지 박물관 제2전시실 및 돔영상관 구축 실시설계용역","충청남도 부여군","충청남도 부여군","수의(총액)소액-견적입찰(2인 이상 견적 제출)","2020/07/10 16:36(2020/07/16 10:00)"
"용역","20200711028-00","긴급","방치폐기물 위탁처리 용역(단가계약)","경상남도 양산시","경상남도 양산시","제한(단가)","2020/07/10 16:35(2020/07/20 16:00)"
"용역","20200711618-00","일반","2020 경북 해파랑길 걷기행사 운영 용역","경상북도문화관광공사","경상북도문화관광공사","제한(총액)협상에의한계약","2020/07/10 16:35(-)"
"용역","20200711617-00","일반","2020년 지역상품 브랜드 디자인 및 마케팅 전략 개발용역(4권역)","재단법인전라남도정보문화산업진흥원","재단법인전라남도정보문화산업진흥원","제한(총액)협상에의한계약","2020/07/10 16:34(2020/07/27 10:00)"
"용역","20200711610-00","일반","2020 한국박물관협회 국고지원사업 현장평가 및 결과분석 용역","사단법인 한국박물관협회","사단법인 한국박물관협회","일반(총액)협상에의한계약","2020/07/10 16:31(-)"
"용역","20200711611-00","일반","내가초 내진보강 및 외부환경개선공사 건설폐기물 처리용역 수의계약 견적제출 안내공고","인천광역시교육청 인천광역시강화교육지원청","인천광역시교육청 인천광역시강화교육지원청","수의(총액)소액-견적입찰(2인 이상 견적 제출)","2020/07/10 16:30(2020/07/16 10:00)"
"용역","20200711608-00","일반","2020년 지역상품 브랜드 디자인 및 마케팅 전략 개발용역(3권역)","재단법인전라남도정보문화산업진흥원","재단법인전라남도정보문화산업진흥원","제한(총액)협상에의한계약","2020/07/10 16:30(2020/07/27 10:00)"
"용역","E012006172-00","일반","정동면 사천시청 사주교차로 도로확포장(총가) 감리","한국전력공사","재무자재부","제한(총액)","2020/07/10 16:28(2020/07/20 10:00)"
"용역","20200711027-00","긴급","양구읍 너분동 맑은물 공급사업 폐기물처리용역(장기계속)","강원도 양구군 상하수도사업소","강원도 양구군 상하수도사업소","제한(총액)","2020/07/10 16:28(2020/07/15 14:00)"
"용역","20200711555-00","일반","웅진백제 보물길 열기 프로젝트 디자인 개발 및 실시설계 용역","충청남도 공주시","충청남도 공주시","일반(총액)협상에의한계약","2020/07/10 16:27(2020/07/20 10:00)"
"용역","20200711599-00","긴급","2020년 하반기 산지구분 FLIS 및 KLIS 일원화 정비용역","강원도 고성군","강원도 고성군","수의(총액)소액-견적입찰(2인 이상 견적 제출)","2020/07/10 16:27(2020/07/16 10:00)"
"용역","20200711581-01","취소","내가초 내진보강 및 외부환경개선공사 건설폐기물 처리용역 수의계약 견적제출 안내공고","인천광역시교육청 인천광역시강화교육지원청","인천광역시교육청 인천광역시강화교육지원청","수의(총액)소액-견적입찰(2인 이상 견적 제출)","2020/07/10 16:26(2020/07/16 10:00)"
"용역","20200711564-01","변경","『이원익 초상(보물1435호) 모사본 제작 용역』제안서 제출안내 공고","경기도 광명시","경기도 광명시","일반(총액)협상에의한계약","2020/07/10 16:17(-)"
"용역","20200711542-00","일반","[제안공모]한국보건산업진흥원 2, 3층 리모델링공사 설계 용역","한국보건산업진흥원","한국보건산업진흥원","수의(총액)","2020/07/10 16:15(-)"
"용역","20200700095-01","취소","2020년 자치분권 교육 운영","대한민국시도지사협의회","대한민국시도지사협의회","제한(총액)협상에의한계약","2020/07/10 16:15(2020/07/14 17:00)"
"용역","20200711569-00","일반","선원초 화장실 및 외벽,외부환경 개선공사 감리용역 수의계약 견적 제출 안내공고","인천광역시교육청 인천광역시강화교육지원청","인천광역시교육청 인천광역시강화교육지원청","수의(총액)소액-견적입찰(2인 이상 견적 제출)","2020/07/10 16:15(2020/07/16 10:00)"
"용역","20200710232-00","일반","서울시립광진청소년센터 공연장 및 문화활동공간 조명개성공사 설계 및 감리","서울시립광진청소년센터","서울시립광진청소년센터","제한경쟁","2020/07/10 16:13(2020/07/17 14:00)"
"용역","20200711553-00","일반","불은초 화장실개선공사 감리용역 견적제출 안내공고","인천광역시교육청 인천광역시강화교육지원청","인천광역시교육청 인천광역시강화교육지원청","수의(총액)소액-견적입찰(2인 이상 견적 제출)","2020/07/10 16:10(2020/07/16 10:00)"
"용역","20200711435-00","일반","현서고등학교 소규모 옥외체육관 증축공사 감리용역","경상북도교육청 경상북도안동교육지원청","경상북도교육청 경상북도안동교육지원청","수의(총액)소액-견적입찰(2인 이상 견적 제출)","2020/07/10 16:10(2020/07/16 10:00)"
"용역","20200706256-01","변경","2020 「한-러 상호 문화교류의 해」 영상 제작 및 온라인 홍보 대행용역","(재)한국국제문화교류진흥원","(재)한국국제문화교류진흥원","제한(총액)협상에의한계약","2020/07/10 16:10(2020/07/20 16:00)"
"용역","20200711552-00","일반","한국건강관리협회 부산서부지부 신사옥 건립공사 건설사업관리(CM) 용역","한국건강관리협회","한국건강관리협회","일반경쟁","2020/07/10 16:09(-)"
"용역","20200710901-00","긴급","국가 대기질 예보지원시스템 유지관리","조달청 인천지방조달청","환경부 국립환경과학원","제한(총액)협상에의한계약","2020/07/10 16:09(2020/08/04 10:00)"
"용역","20200703468-01","취소","2020년 광주전남지사 수질분석설비 유지보수 용역","한국지역난방공사 광주전남지사","한국지역난방공사 광주전남지사","제한(총액)","2020/07/10 16:08(2020/07/13 12:00)"
"용역","20200711545-00","일반","2020학년도 전문대학혁신지원사업 미래역량기반 융·복합교과목 e-콘텐츠 개발 용역","충북보건과학대학교 산학협력단","충북보건과학대학교 산학협력단","일반(총액)협상에의한계약","2020/07/10 16:08(-)"
"용역","20200711544-00","일반","폭염대비 BRT 및 주요도로 살수차 임차 용역","세종특별자치시","세종특별자치시","수의(총액)소액-견적입찰(2인 이상 견적 제출)","2020/07/10 16:08(2020/07/16 10:00)"
"용역","20200711504-00","일반","광주역광장 주변 교통체계 개선대책 수립 용역","광주광역시","광주광역시","제한경쟁","2020/07/10 16:01(2020/07/20 12:00)"
"용역","20200711511-00","일반","소규모수도시설 개량사업(갈산면 노상마을)폐기물처리용역","충청남도 홍성군 수도사업소","충청남도 홍성군 수도사업소","수의(총액)소액-견적입찰(2인 이상 견적 제출)","2020/07/10 16:00(2020/07/17 17:00)"
"용역","B5202002327-00","일반","조천 상수관망 블록시스템 구축공사(4차) 건설폐기물(폐콘크리트) 처리용역","한국수자원공사","한국수자원공사 제주지사","수의계약","2020/07/10 16:00(2020/07/16 10:00)"
"용역","B5202002319-00","일반","조천 상수관망 블록시스템 구축공사(4차) 건설폐기물(폐아스콘) 처리용역","한국수자원공사","한국수자원공사 제주지사","수의계약","2020/07/10 16:00(2020/07/16 10:00)"
"용역","20200711529-00","일반","교내 자동판매기(커피, 음료 및 여성용품) 위탁운영 업체 선정","경희대학교 국제캠퍼스","경희대학교 국제캠퍼스","제한(단가)","2020/07/10 15:58(-)"
"용역","20200711518-00","일반","제주광역하수슬러지 자원화시설 고화물 운반 용역","효성중공업(주)","효성중공업(주)","제한(단가)","2020/07/10 15:57(2020/07/17 10:00)"
"용역","20200711524-00","일반","양사초 외벽,외부환경 개선공사 감리용역 수의계약 견적제출 안내공고","인천광역시교육청 인천광역시강화교육지원청","인천광역시교육청 인천광역시강화교육지원청","수의(총액)소액-견적입찰(2인 이상 견적 제출)","2020/07/10 15:57(2020/07/16 10:00)"
"용역","20200711512-00","일반","삼산초 화장실 및 외부환경개선공사 감리용역 수의계약 견적제출 안내공고","인천광역시교육청 인천광역시강화교육지원청","인천광역시교육청 인천광역시강화교육지원청","수의(총액)소액-견적입찰(2인 이상 견적 제출)","2020/07/10 15:52(2020/07/16 10:00)"
"용역","20200620042-01","변경","몽골 국립진단치료센터 운영관리 1차 컨설팅 사업","조달청 서울지방조달청","한국국제보건의료재단","일반(총액)협상에의한계약","2020/07/10 15:48(2020/08/04 10:00)"
"용역","20200711296-00","일반","실습선 한반도호 바닥재 시공","한국해양수산연수원","한국해양수산연수원","수의(총액)소액-견적입찰(2인 이상 견적 제출)","2020/07/10 15:47(2020/07/15 16:00)"
"용역","20200711495-00","일반","상급종합병원 심층진찰 수가 시범사업 효과 분석 연구용역(재공고)","건강보험심사평가원","건강보험심사평가원","제한(총액)규격가격동시","2020/07/10 15:45(2020/07/16 14:00)"
"용역","20200711185-02","변경","에너지자립 혁신지구 시범사업 기록 용역","서울특별시","서울특별시","제한(총액)협상에의한계약","2020/07/10 15:44(2020/07/21 16:00)"
"용역","20200711219-00","일반","(연구용역)동식물 검역물품에 대한 X-ray 영상 인식기술(인공지능활용) 적용가능성 연구","조달청 대구지방조달청","농림축산식품부 농림축산검역본부","제한(총액)협상에의한계약","2020/07/10 15:42(2020/07/22 11:00)"
"용역","20200711136-00","일반","20~21 국방수송정보체계 유지보수 사업","조달청 서울지방조달청","국방부 국군수송사령부","수의(총액)","2020/07/10 15:41(2020/07/15 14:00)"
"용역","20200711489-00","일반","고양시 신규사업 조사분석 및 사업화방안 수립 용역","경기도시공사","경기도시공사","일반(총액)협상에의한계약","2020/07/10 15:40(2020/08/06 16:00)"
"용역","20200711182-00","일반","2020년도 중소기업 미래성과공유제 확산 컨설팅 사업","조달청 서울지방조달청","재단법인 중소기업연구원","수의(총액)","2020/07/10 15:38(2020/07/15 14:00)"
"용역","20200711407-00","일반","권관항 어촌뉴딜300사업 지역역량강화(S/W)용역","한국농어촌공사 경기지역본부 평택지사","한국농어촌공사 경기지역본부 평택지사","일반(총액)협상에의한계약","2020/07/10 15:38(2020/08/20 10:00)"
"용역","20200711480-00","일반","지오사이언스 빅데이터 구축을 위한 기초 및 융합 데이터 전처리 연구","한국지질자원연구원","한국지질자원연구원","제한(총액)협상에의한계약","2020/07/10 15:36(2020/07/21 10:00)"
"용역","20200711479-00","일반","제7기 어머니 장병급식.피복 모니터링단 1차 활동 버스 임차 용역","국방기술품질원","국방기술품질원","수의(총액)소액-견적입찰(2인 이상 견적 제출)","2020/07/10 15:36(2020/07/16 10:00)"
"용역","20200711420-00","일반","(구)보성공공도서관 건설폐기물 처리용역","전라남도교육청 전라남도보성교육지원청","전라남도교육청 전라남도보성교육지원청","제한(총액)","2020/07/10 15:35(2020/07/16 10:00)"
"용역","9223661-00","변경","(재공고)승강장안전문 통합관리시스템 실시설계 용역","한국철도공사","한국철도공사","일반(총액)","2020/07/10 15:35(2020/07/31 10:00)"
"용역","9223662-00","변경","(재공고)전기분야 주요설비 부품별 교체주기 산정 용역","한국철도공사","한국철도공사","제한(총액)","2020/07/10 15:35(2020/07/31 10:00)"
"용역","20200710793-00","긴급","2020년 R&D·스마트제도혁신 전문가 육성 및 교육과정 개발·운영","조달청","중소기업기술정보진흥원","일반(총액)협상에의한계약","2020/07/10 15:33(2020/07/28 10:00)"
"용역","20200710832-00","일반","2020년 우편업무용 전산장비 도입 및 설치","조달청 광주지방조달청","과학기술정보통신부 우정사업본부 우정사업정보센터","제한(총액)협상에의한계약","2020/07/10 15:29(2020/08/20 10:00)"
"용역","20200711449-00","일반","2020년 통합성과평가시스템 유지.보수","농림축산식품부","농림축산식품부","제한(총액)협상에의한계약","2020/07/10 15:29(2020/07/27 10:00)"
"용역","20200711409-00","일반","2020년 경희대학교 온라인 콘텐츠 개발 업체 선정 입찰 공고(재공고)","경희대학교","경희대학교","일반(총액)협상에의한계약","2020/07/10 15:28(-)"
"용역","20200711452-00","일반","전자상거래 컨설팅 입점 어가(상품) SNS 마케팅 사업 용역","(사)한국수산회","(사)한국수산회","제한(총액)협상에의한계약","2020/07/10 15:27(-)"
"용역","20200711455-00","긴급","방사선기술정보시스템(RATIS) 차세대 모델 설계를 위한 정보화전략계획(ISP) 수립","(사)한국방사선진흥협회","(사)한국방사선진흥협회","일반(총액)협상에의한계약","2020/07/10 15:27(-)"
"용역","20200711453-00","일반","RC 슬래브 교량에 대한 무선계측 기술 조사 및 손상도 평가를 위한 구조해석 시뮬레이션","한국건설기술연구원","한국건설기술연구원","제한(총액)협상에의한계약","2020/07/10 15:27(2020/07/21 11:00)"
"용역","20200711447-00","일반","울산시설공단 창립 20주년 기념백서 제작 용역(협상에 의한 계약)","울산시설공단","울산시설공단","제한(총액)협상에의한계약","2020/07/10 15:26(2020/07/22 16:00)"
"용역","E012006171-00","일반","2020년 직할 관내변전소 청소용역","한국전력공사","재무자재부","제한(총액)","2020/07/10 15:25(2020/07/20 12:00)"
"용역","20200710595-00","일반","유전자치료제 GMP 생산시설 밸리데이션 컨설팅 용역","조달청 대전지방조달청","재단법인 대전테크노파크","제한(총액)협상에의한계약","2020/07/10 15:25(2020/07/23 10:00)"
"용역","20200711354-00","일반","부여군 음식물류 폐기물 수집 운반 처리 위탁용역","충청남도 부여군","충청남도 부여군","제한(단가)","2020/07/10 15:24(2020/07/20 10:00)"
"용역","20200711203-00","일반","프라임칼리지 비학위과정 학사정보시스템 재구축","조달청 서울지방조달청","한국방송통신대학교","수의(총액)","2020/07/10 15:22(2020/07/17 11:30)"
"용역","20200711433-00","일반","도시관리계획(사회복지시설) 결정(변경) 용역","경기도 포천시","경기도 포천시","제한경쟁","2020/07/10 15:21(2020/07/21 10:00)"
"용역","20200711434-00","일반","마포농수산물시장 외부 조경수 정비 및 제초작업","서울특별시마포구시설관리공단","서울특별시마포구시설관리공단","수의(총액)소액수의","2020/07/10 15:20(2020/07/20 12:00)"
"용역","20200710909-00","일반","하반기 배수펌프장 및 배수문 정기안전점검 용역","전라북도 익산시","전라북도 익산시","수의(총액)소액-견적입찰(2인 이상 견적 제출)","2020/07/10 15:19(2020/07/16 14:00)"
"용역","20200711423-00","일반","2020년 모기예보제 보완 및 운영관리 용역","서울특별시","서울특별시","일반(총액)협상에의한계약","2020/07/10 15:17(2020/07/21 16:00)"
"용역","20200711417-00","일반","EMP 차폐용 시멘트 복합재료의 동적충격 인장거동 및 역학적 특성 평가 실험용역","한국건설기술연구원","한국건설기술연구원","제한(총액)협상에의한계약","2020/07/10 15:16(2020/07/21 11:00)"
"용역","E012006170-00","일반","양원지구 배전간선 설치공사 위치탐사용역","한국전력공사","재무자재부","제한(총액)","2020/07/10 15:15(2020/07/20 14:00)"
"용역","20200711410-00","일반","원주 간현관광지 조성계획(변경) 사후환경영향조사 용역","강원도 원주시","강원도 원주시","제한경쟁","2020/07/10 15:15(2020/07/20 10:00)"
"용역","20200711404-00","일반","소규모수도시설 개량사업(금마면 봉암마을)폐기물처리용역","충청남도 홍성군 수도사업소","충청남도 홍성군 수도사업소","수의(총액)소액-견적입찰(2인 이상 견적 제출)","2020/07/10 15:14(2020/07/17 16:00)"
"용역","20200711406-00","일반","재난 유형별 행동매뉴얼 및 기능연속성계획 구축","한국환경공단","한국환경공단","일반(총액)협상에의한계약","2020/07/10 15:12(2020/07/30 15:00)"
"용역","20200710879-00","일반","경북테크노파크 통합정보시스템(ERP) 구축 용역","조달청 대구지방조달청","재단법인 경북테크노파크","제한(총액)협상에의한계약","2020/07/10 15:12(2020/07/31 10:00)"
"용역","20200708847-01","변경","2020년 문화재 소방시설 설치 실시설계용역","대전광역시","대전광역시","수의(총액)소액-견적입찰(2인 이상 견적 제출)","2020/07/10 15:11(2020/07/14 10:00)"
"용역","20200711405-00","일반","봉양정보고등학교 본관동 리모델링 전기소방공사 설계용역","경상북도교육청 경상북도안동교육지원청","경상북도교육청 경상북도안동교육지원청","수의(총액)소액-견적입찰(2인 이상 견적 제출)","2020/07/10 15:11(2020/07/16 10:00)"
"용역","20200711394-00","일반","호저면 산현리 칠봉 마을하수도설치공사 폐기물처리용역(6차)","강원도 원주시","강원도 원주시 상하수도사업소","수의(총액)소액수의","2020/07/10 15:11(2020/07/16 10:00)"
"용역","E012006169-00","일반","중랑교~동일로 지하차도 지중화 위치탐사용역","한국전력공사","재무자재부","제한(총액)","2020/07/10 15:09(2020/07/20 14:00)"
"용역","20200711395-00","일반","대전학생해양수련원 내외부 수선 및 기타공사 설계용역","대전광역시교육청","대전광역시교육청","수의(총액)소액-견적입찰(2인 이상 견적 제출)","2020/07/10 15:08(2020/07/20 10:00)"
"용역","20200711397-00","긴급","당진시 북부사회복지관 건축감리용역(상주)","충청남도 당진시","충청남도 당진시","제한경쟁","2020/07/10 15:07(2020/07/21 14:00)"
"용역","20200711390-00","일반","생태독성 위해 공공수역 관리방안 마련 시범사업 계획 수립","한국환경공단","한국환경공단","일반(총액)규격가격동시","2020/07/10 15:07(2020/07/31 15:00)"
"용역","20200710105-01","취소","소사벌 종합운동장 육상트랙 시설개선공사 폐기물처리 용역(폐합성우레탄)","경기도 평택시","경기도 평택시","수의(총액)소액-견적입찰(2인 이상 견적 제출)","2020/07/10 15:05(2020/07/15 10:00)"
"용역","2002581-00","일반","포천송우2 지구관리 경비용역","한국토지주택공사","한국토지주택공사","제한경쟁","2020/07/10 15:05(2020/07/16 10:00)"
"용역","2002565-00","일반","3기 신도시 디지털트윈 공간정보 구축 용역","한국토지주택공사","한국토지주택공사","일반경쟁","2020/07/10 15:05(2020/07/21 16:00)"
"용역","2002566-00","일반","2020년 도시재생 종합정보체계 고도화 및 운영관리 용역","한국토지주택공사","한국토지주택공사","일반경쟁","2020/07/10 15:05(2020/07/21 16:00)"
"용역","E012006168-00","일반","군자역 동일로 지중화공사 위치탐사용역","한국전력공사","재무자재부","제한(총액)","2020/07/10 15:02(2020/07/20 14:00)"
"용역","20200711378-00","일반","봉양정보고등학교 본관동 리모델링 기계설비공사 설계용역","경상북도교육청 경상북도안동교육지원청","경상북도교육청 경상북도안동교육지원청","수의(총액)소액-견적입찰(2인 이상 견적 제출)","2020/07/10 15:02(2020/07/16 10:00)"
"용역","20200711180-00","일반","국도35호선 교동교 등 5개소 내진성능평가 기술용역","국토교통부 부산지방국토관리청 진영국토관리사무소","국토교통부 부산지방국토관리청 진영국토관리사무소","제한경쟁","2020/07/10 15:01(2020/07/17 10:00)"
"용역","E022000312-00","일반","조직진단 및 중장기 조직·인력 운영계획 수립 용역","한국서부발전주식회사","계약자재부","일반(총액)","2020/07/10 15:00(2020/07/15 11:00)"
"용역","20200711376-00","일반","2020년도 제주도 어초어장 관리사업 인공어초 폐기물 수거 및 처리","한국수산자원공단제주본부","한국수산자원공단제주본부","수의(총액)소액-견적입찰(2인 이상 견적 제출)","2020/07/10 15:00(2020/07/16 10:00)"
"용역","20200711370-00","일반","콘크리트 교량 보수 재료의 장·단기 성능 측정 시험 및 분석","한국건설기술연구원","한국건설기술연구원","제한(총액)협상에의한계약","2020/07/10 15:00(2020/07/21 11:00)"
"용역","P2020-00062-00","일반","페루 국가문화유산 통합등록 및 관리시스템 구축사업 고고학 부동산 추가통합 시스템구축 PC 용역","한국국제협력단","한국국제협력단"," ","2020/07/10 15:00(2020/08/20 15:00)"
"용역","B5202002320-00","일반","남해군 지방상수도 현대화사업 유지관리시스템 구축 용역","한국수자원공사","한국수자원공사 낙동강경영처","제한경쟁","2020/07/10 15:00(2020/08/21 17:00)"
"용역","20200711371-00","일반","부산여자고등학교 이중천장교체 석면해체 감리용역","부산광역시교육청 부산광역시서부교육지원청","부산광역시교육청 부산광역시서부교육지원청","수의(총액)소액-견적입찰(2인 이상 견적 제출)","2020/07/10 14:59(2020/07/16 10:00)"
"용역","20200711364-00","일반","2020년도 클라우드 보안서비스 고도화 지원사업 회계감사 위탁용역","한국인터넷진흥원","한국인터넷진흥원","수의(총액)소액수의","2020/07/10 14:58(2020/07/15 12:00)"
"용역","20200711175-00","일반","국도24호선 도동육교 등 9개소 내진성능평가 기술용역","국토교통부 부산지방국토관리청 진영국토관리사무소","국토교통부 부산지방국토관리청 진영국토관리사무소","제한경쟁","2020/07/10 14:57(2020/07/17 10:00)"
"용역","20200711366-00","일반","충남 SW융복합기업 능력평가 및 관리 매뉴얼 개발 용역","충남테크노파크","충남테크노파크","제한(총액)협상에의한계약","2020/07/10 14:56(2020/07/23 10:00)"
"용역","20200711365-00","일반","당진시 북부사회복지관 전기감리용역","충청남도 당진시","충청남도 당진시","수의(총액)소액-견적입찰(2인 이상 견적 제출)","2020/07/10 14:56(2020/07/17 14:00)"
"용역","20200709385-01","취소","2020년 익산왕궁 매입토지 생태복원지역 유지관리","조달청 인천지방조달청","한국환경공단","일반(총액)","2020/07/10 14:55(2020/07/21 14:00)"
"용역","20200709567-00","긴급","2020년 공공 빅데이터 분석사업","조달청 대구지방조달청","한국정보화진흥원","제한(총액)협상에의한계약","2020/07/10 14:54(2020/08/04 10:00)"
"용역","20200711171-00","일반","국도14호선 대박교 등 3개소 내진성능평가 기술용역","국토교통부 부산지방국토관리청 진영국토관리사무소","국토교통부 부산지방국토관리청 진영국토관리사무소","제한경쟁","2020/07/10 14:53(2020/07/17 10:00)"
"용역","20200711353-00","일반","사하중학교 급식실현대화시설 및 기타 건축공사 감리용역","부산광역시교육청 부산광역시서부교육지원청","부산광역시교육청 부산광역시서부교육지원청","수의(총액)소액-견적입찰(2인 이상 견적 제출)","2020/07/10 14:53(2020/07/16 10:00)"
"용역","20200711255-00","일반","목포신항 배후단지 조성공사 폐기물처리용역","조달청 광주지방조달청","해양수산부 목포지방해양수산청","일반(총액)","2020/07/10 14:53(2020/07/21 10:00)"
"용역","20200711168-00","일반","국도5호선 내서교 등 3개소 내진성능평가 기술용역","국토교통부 부산지방국토관리청 진영국토관리사무소","국토교통부 부산지방국토관리청 진영국토관리사무소","제한경쟁","2020/07/10 14:51(2020/07/17 10:00)"
"용역","E012006167-00","일반","에너지 기술마켓 구축","한국전력공사","공사용역부","제한(총액)","2020/07/10 14:48(2020/07/21 16:00)"
"용역","20200711161-00","일반","국도25호선 수산대교 등 4개소 내진성능평가 기술용역","국토교통부 부산지방국토관리청 진영국토관리사무소","국토교통부 부산지방국토관리청 진영국토관리사무소","제한경쟁","2020/07/10 14:48(2020/07/17 10:00)"
"용역","20200711334-00","일반","부산여자고등학교 화장실개량 및 기타공사 감리용역","부산광역시교육청 부산광역시서부교육지원청","부산광역시교육청 부산광역시서부교육지원청","수의(총액)소액-견적입찰(2인 이상 견적 제출)","2020/07/10 14:46(2020/07/16 10:00)"
"용역","E012006043-00","일반","동울산 북구 화봉로 지중화공사 감리용역","한국전력공사","재무자재부","제한(총액)","2020/07/10 14:46(2020/07/20 10:00)"
"용역","20200711165-00","일반","2020년 법정언행 컨설팅 실시 용역","조달청 서울지방조달청","대법원","제한(총액)협상에의한계약","2020/07/10 14:45(2020/07/21 10:00)"
"용역","20200707431-00","일반","환동해권 지역상생협력을 위한 신사업 발굴 연구 용역","재단법인 환동해산업연구원","재단법인 환동해산업연구원","일반(총액)협상에의한계약","2020/07/10 14:44(2020/07/16 16:00)"
"용역","20200711095-00","일반","TBN제주교통방송 FM송신소 방송시스템 이설 공사","조달청 제주지방조달청","도로교통공단 한국교통방송제주본부","제한(총액)협상에의한계약","2020/07/10 14:43(2020/07/31 12:00)"
"용역","20200711320-00","일반","왕림교 하부공간 문화쉼터 조성공사 기본 및 실시설계용역","경기도 의왕시","경기도 의왕시","수의(총액)소액-견적입찰(2인 이상 견적 제출)","2020/07/10 14:42(2020/07/15 14:00)"
"용역","E012006144-00","일반","'20년 제2차 e-러닝 콘텐츠 제작용역","한국전력공사","교육지원부","제한(총액)","2020/07/10 14:41(2020/07/21 10:00)"
"용역","E012006166-00","일반","154kV 왕궁변전소 토건공사 건설사업관리용역 PQ","한국전력공사","경영지원부","일반(총액)","2020/07/10 14:41(2020/08/27 12:00)"
"용역","20200708690-01","취소","학대예방경찰관(APO)  업무관리시스템 개선","조달청 서울지방조달청","경찰청","제한(총액)협상에의한계약","2020/07/10 14:37(2020/07/21 10:00)"
"용역","20200707308-01","변경","울산항 CCTV 종합상황실 연계 구축사업 통신공사 감리용역","해양수산부 울산지방해양수산청","해양수산부 울산지방해양수산청","제한경쟁","2020/07/10 14:37(2020/07/17 10:00)"
"용역","20200711307-00","긴급","울릉군 촛대암 해안산책로 개선사업 건설폐기물 처리용역","경상북도 울릉군","경상북도 울릉군","수의(총액)소액-견적입찰(2인 이상 견적 제출)","2020/07/10 14:35(2020/07/15 16:00)"
"용역","20200710856-00","긴급","농촌 신활력플러스사업 지역활동가 ACE양성용역","충청북도 증평군","충청북도 증평군","제한(총액)","2020/07/10 14:35(2020/07/20 10:00)"
"용역","2002564-00","일반","김천황금 도활사업 건설폐기물처리(파쇄)용역","한국토지주택공사","한국토지주택공사","수의계약","2020/07/10 14:35(2020/07/17 10:00)"
"용역","20200711301-00","일반","진도지사 자동차보험 및 건물화재보험 용역","한국농어촌공사 전남지역본부 진도지사","한국농어촌공사 전남지역본부 진도지사","수의(총액)소액수의","2020/07/10 14:31(2020/07/17 17:00)"
"용역","20200711289-00","긴급","2020년도 버스 운송사업자 경영 및 서비스 평가 용역","제주특별자치도","제주특별자치도","제한(총액)","2020/07/10 14:27(2020/07/16 14:00)"
"용역","20200702243-00","일반","2020년 구조구급대원 정기 건강검진","경상남도 창원시","경상남도 창원시","제한(총액)","2020/07/10 14:22(2020/07/20 10:00)"
"용역","20200711264-00","일반","서울윤중초등학교 급식실 및 학생식당 증축공사 설계용역(설계공모)","서울특별시교육청 서울특별시남부교육지원청","서울특별시교육청 서울특별시남부교육지원청","일반경쟁","2020/07/10 14:22(-)"
"용역","20200711184-01","변경","금강첫물 뜬봉샘생태관광지 조성사업 3단계 실시설계 용역 입찰 공고","전라북도 장수군","전라북도 장수군","제한경쟁","2020/07/10 14:21(2020/07/16 10:00)"
"용역","20200711209-00","일반","시립망우청소년센터 증축 타당성조사 및 기본계획 수립 용역","서울특별시","서울특별시","제한경쟁","2020/07/10 14:21(2020/07/21 10:00)"
"용역","20200710817-00","일반","홍천군 청사 제2주차장 조성사업(건축) 실시설계용역","조달청 강원지방조달청","강원도 홍천군","PQ+기타","2020/07/10 14:20(2020/07/29 10:00)"
"용역","20200711260-00","긴급","2020년 건설폐기물(하수) 처리 용역 2차","서울특별시 강남구","서울특별시 강남구","제한(총액)","2020/07/10 14:17(2020/07/17 10:00)"
"용역","20200710769-00","긴급","선박 대기오염물질 통합관리시스템 S/W구축 PMO 사업","조달청 대전지방조달청","한국해양교통안전공단","제한(총액)협상에의한계약","2020/07/10 14:15(2020/07/22 10:00)"
"용역","20200711000-00","일반","옛다솜이야기원 조성공사 건설폐기물 처리용역","전라북도 남원시","전라북도 남원시","수의(총액)소액-견적입찰(2인 이상 견적 제출)","2020/07/10 14:15(2020/07/15 14:00)"
"용역","20200710954-00","일반","신정대로 개설공사[2구간] 건설폐기물 처리용역","전라북도 남원시","전라북도 남원시","수의(총액)소액-견적입찰(2인 이상 견적 제출)","2020/07/10 14:14(2020/07/15 14:00)"
"용역","20200711253-00","긴급","국도22호선 영광 신천지구 교차로 개선공사 문화재지표조사용역","국토교통부 익산지방국토관리청 광주국토관리사무소","국토교통부 익산지방국토관리청 광주국토관리사무소","제한(총액)","2020/07/10 14:11(2020/07/16 10:00)"
"용역","20200711034-00","일반","2020년 남원시 시내버스 교통량조사 용역","전라북도 남원시","전라북도 남원시","수의(총액)소액-견적입찰(2인 이상 견적 제출)","2020/07/10 14:11(2020/07/15 14:00)"
"용역","20200711176-00","일반","시장경보제도 개선을 위한 연구용역","(주)한국거래소 서울사옥","(주)한국거래소 서울사옥","일반(총액)협상에의한계약","2020/07/10 14:11(2020/07/21 14:00)"
"용역","20200711245-00","긴급","풍각초등학교 내진보강공사 설계용역","경상북도교육청 경상북도청도교육지원청","경상북도교육청 경상북도청도교육지원청","수의(총액)소액수의","2020/07/10 14:10(2020/07/16 10:00)"
"용역","20200711240-00","일반","해양플랜트 산업현황 분석 및 해양플랜트 Topside 엔지니어링분야 교육훈련체계 수정보완 용역","한국해양과학기술원 부설 선박해양플랜트연구소","한국해양과학기술원 부설 선박해양플랜트연구소","일반(총액)협상에의한계약","2020/07/10 14:07(2020/07/24 11:00)"
"용역","20200711227-00","일반","국민참여 플랫폼 발전방안 마련 정책연구","국민권익위원회","국민권익위원회","제한(총액)협상에의한계약","2020/07/10 14:07(2020/07/24 12:00)"
"용역","20200711234-00","긴급","2020년 한국발명진흥회 직원 단체보험","한국발명진흥회","한국발명진흥회","일반(총액)","2020/07/10 14:06(2020/07/15 10:00)"
"용역","2002579-00","일반","파주운정 외 5개 사업지구 보유토지 관리용역","한국토지주택공사","한국토지주택공사","제한경쟁","2020/07/10 14:05(2020/07/20 11:00)"
"용역","20200711233-00","긴급","손불 석창지구 지방관리방조제 개보수사업 실시설계 용역","전라남도 함평군","전라남도 함평군","수의(총액)소액-견적입찰(2인 이상 견적 제출)","2020/07/10 14:03(2020/07/16 10:00)"
"용역","20200711061-00","일반","바람길숲 조성사업(갑천-유등천권역 연결숲(녹지) 1-3공구) 폐기물운반용역","대전광역시 건설관리본부","대전광역시 건설관리본부","수의(총액)소액-견적입찰(2인 이상 견적 제출)","2020/07/10 14:02(2020/07/16 10:00)"
"용역","20200711224-00","일반","청도중앙초등학교 외1개교(유천초) 교사동 내진보강공사 설계용역","경상북도교육청 경상북도청도교육지원청","경상북도교육청 경상북도청도교육지원청","수의(총액)소액수의","2020/07/10 14:01(2020/07/16 10:00)"
"용역","20200711229-00","긴급","무주군 상수도관망 기술진단 용역","전라북도 무주군","전라북도 무주군","제한경쟁","2020/07/10 14:01(2020/07/14 10:00)"
"용역","20200711218-00","일반","2020 Post-collage 콘텐츠 웹표준 재개발 및 추가개발 용역","제주대학교 총장직할기관 정보화본부","제주대학교 총장직할기관 정보화본부","제한(총액)협상에의한계약","2020/07/10 13:59(2020/07/20 10:00)"
"용역","20200710589-00","일반","원도심권 하수관로 정비공사 수밀시험 및 CCTV조사 용역","전라남도 여수시 상하수도사업단 하수도과","전라남도 여수시 상하수도사업단 하수도과","일반경쟁","2020/07/10 13:57(2020/07/17 14:00)"
"용역","20200711026-00","긴급","보건산업통계시스템(KHISS) 기능 개선 사업","조달청 충북지방조달청","한국보건산업진흥원","수의(총액)","2020/07/10 13:57(2020/07/14 12:00)"
"용역","20200711216-00","일반","물재생센터 지속가능발전 기본구상 용역","서울특별시","서울특별시","일반(총액)협상에의한계약","2020/07/10 13:57(2020/07/21 17:00)"
"용역","20200711207-00","일반","부처고개 위험도로 구조개선사업 GIS DB 구축용역","경기도 동두천시","경기도 동두천시","수의(총액)소액-견적입찰(2인 이상 견적 제출)","2020/07/10 13:55(2020/07/16 10:00)"
"용역","20200711202-00","긴급","2020년 보령시 어촌뉴딜사업(장고도, 고대도, 호도항) 기본 및 실시설계용역","한국어촌어항공단","한국어촌어항공단","일반경쟁","2020/07/10 13:52(-)"
"용역","20200711017-00","일반","부산영상예술고등학교 운반위탁급식 납품업체 선정","부산광역시교육청 부산영상예술고등학교","부산광역시교육청 부산영상예술고등학교","제한(단가)규격가격동시","2020/07/10 13:51(2020/07/31 10:00)"
"용역","20200711193-00","일반","해상정보 생성 및 서비스 시스템 제작 용역","한국해양과학기술원 부설 선박해양플랜트연구소","한국해양과학기술원 부설 선박해양플랜트연구소","제한(총액)협상에의한계약","2020/07/10 13:51(2020/07/21 11:00)"
"용역","20200711183-00","일반","KHFC MBS 2020년 8월 발행분 전자입찰사 선정","한국주택금융공사","한국주택금융공사","제한(총액)","2020/07/10 13:51(2020/07/17 10:00)"
"용역","20200711049-00","일반","용마초 포장 개선공사 건설폐기물 처리용역","경기도용인교육청 용마초등학교","경기도용인교육청 용마초등학교","수의(총액)소액수의","2020/07/10 13:50(2020/07/16 10:00)"
"용역","20200711194-00","긴급","2020년 당진시(한진포구), 서산시(벌말항) 어촌뉴딜사업 기본 및 실시설계용역","한국어촌어항공단","한국어촌어항공단","일반경쟁","2020/07/10 13:50(-)"
"용역","20200710740-00","일반","2020년 대한의사협회 온라인 종합학술대회 대행업체 선정 건","(사)대한의사협회","(사)대한의사협회","일반(총액)","2020/07/10 13:48(-)"
"용역","20200711133-00","일반","정동고등학교 운동장 조성 관련 건설폐기물 처리용역 소액수의(총액) 견적 제출 안내 재공고","대구광역시교육청 정동고등학교","대구광역시교육청 정동고등학교","수의(총액)소액-견적입찰(2인 이상 견적 제출)","2020/07/10 13:48(2020/07/16 10:00)"
"용역","20200711186-00","긴급","2020년 제주시 어촌뉴딜사업(하우목동권역, 고내항) 기본 및 실시설계용역","한국어촌어항공단","한국어촌어항공단","일반경쟁","2020/07/10 13:47(-)"
"용역","20200710933-00","일반","2020년 강남구 스마트시티 통합플랫폼 기반구축","조달청 서울지방조달청","서울특별시 강남구","제한(총액)협상에의한계약","2020/07/10 13:46(2020/07/22 10:00)"
"용역","20200711048-00","일반","중앙로역~중구청네거리 클린로드 설치공사 폐기물운반용역","대전광역시 건설관리본부","대전광역시 건설관리본부","수의(총액)소액-견적입찰(2인 이상 견적 제출)","2020/07/10 13:42(2020/07/16 10:00)"
"용역","E012006158-00","일반","군위읍 정리 국도5호선 도로확포장공사 지장주 감리용역","한국전력공사","경영지원부","제한(총액)","2020/07/10 13:40(2020/07/20 14:00)"
"용역","20200711162-00","일반","2020 성남 예술인 예술단체 실태조사","재단법인 성남문화재단","재단법인 성남문화재단","일반(총액)협상에의한계약","2020/07/10 13:39(-)"
"용역","20200711157-00","일반","2020년 2차 재활용품폐기물 민간위탁처리 용역(단가)","경기도 동두천시","경기도 동두천시","수의(단가)소액-견적입찰(2인 이상 견적 제출)","2020/07/10 13:37(2020/07/16 10:00)"
"용역","20200711137-00","일반","KHFC MBS 2020년 8월 발행분 신용평가사 선정","한국주택금융공사","한국주택금융공사","제한(총액)","2020/07/10 13:35(2020/07/17 10:00)"
"용역","E012006157-00","일반","여천천 횡단 압입관로 복구공사 감리용역 (울산지사)","한국전력공사","재무자재부","제한(총액)","2020/07/10 13:34(2020/07/20 10:00)"
"용역","20200711025-00","긴급","밀양시 농촌신활력 플러스사업 기본계획수립 용역 제안서 제출안내 공고","경상남도 밀양시","경상남도 밀양시","일반(총액)협상에의한계약","2020/07/10 13:33(-)"
"용역","20200711145-00","긴급","2020년도 단체보험 가입","수원도시공사","수원도시공사","일반(총액)","2020/07/10 13:32(2020/07/15 10:00)"
"용역","20200640751-01","취소","2020 화성 뱃놀이 축제 행사장 조성 재공고[긴급]","화성시문화재단","화성시문화재단","제한(총액)협상에의한계약","2020/07/10 13:32(2020/07/13 11:00)"
"용역","20200711142-00","일반","스마트시티 안전망 광역 통합플랫폼 구축 및 운영방안 상세설계 용역","(재)경기도경제과학진흥원","(재)경기도경제과학진흥원","제한(총액)협상에의한계약","2020/07/10 13:28(2020/07/21 11:00)"
"용역","20200710682-00","일반","2020 인천 관광기업지원센터 미화용역","인천관광공사","인천관광공사","수의(총액)소액수의","2020/07/10 13:27(2020/07/16 12:00)"
"용역","E012006155-00","일반","군동면 금사리 강진군수 일반용(갑)저압 5kW 신설 감리용역","한국전력공사","재무자재부","제한(총액)","2020/07/10 13:26(2020/07/20 12:00)"
"용역","20200711031-00","일반","중앙로역~중구청네거리 클린로드 설치공사 폐기물처리용역","대전광역시 건설관리본부","대전광역시 건설관리본부","수의(총액)소액-견적입찰(2인 이상 견적 제출)","2020/07/10 13:26(2020/07/16 10:00)"
"용역","20200711134-00","일반","노후 컨테이너검사센터 효율적 폐기 방안 및 센터 신축 적정 사업비 등 연구","관세청","관세청","일반(총액)협상에의한계약","2020/07/10 13:25(2020/07/21 17:00)"
"용역","20200710617-01","변경","2020년 안강읍 두류공업지역 환경관리실태조사 용역","경상북도 경주시","경상북도 경주시","수의(총액)소액수의","2020/07/10 13:23(2020/07/17 10:00)"
"용역","2020071001001-00","일반","LNG 하역설비 훈련시스템(Simulator) 구축 용역","한국가스공사","한국가스공사","제한(총액)","2020/07/10 13:23(2020/08/03 16:00)"
"용역","20200711130-00","일반","기업지원을 위한 Teardown 차량 및 기업지원플랫폼 고도화 방안 수요조사 용역","한국자동차연구원","한국자동차연구원","일반(총액)협상에의한계약","2020/07/10 13:22(-)"
"용역","20200711123-00","일반","유수지 악취저감 기본계획 용역","서울특별시","서울특별시","일반경쟁","2020/07/10 13:22(2020/07/31 12:00)"
"용역","20200711124-00","긴급","수곡교 재해복구사업 외 2건 통합건설사업관리 용역","경상북도 울진군","경상북도 울진군","지명경쟁","2020/07/10 13:21(2020/07/16 10:00)"
"용역","E012006153-00","일반","경주 명계3일반산업단지 간선설치공사 위치탐사용역","한국전력공사","재무자재부","제한(총액)","2020/07/10 13:20(2020/07/20 14:00)"
"용역","20200711044-00","일반","대천천 일원 침수위험지 정비사업 폐기물처리용역","부산광역시 북구","부산광역시 북구","제한(총액)","2020/07/10 13:17(2020/07/20 10:00)"
"용역","E012006035-00","일반","월명동 일원 및 우체국거리 지중화사업 실시설계용역","한국전력공사","재무자재부","제한(총액)","2020/07/10 13:16(2020/07/20 10:00)"
"용역","20200710664-00","일반","임계고 교사동 내진성능평가 용역 소액수의 견적제출 공고","강원도교육청 강원도정선교육지원청","강원도교육청 강원도정선교육지원청","수의(총액)소액-견적입찰(2인 이상 견적 제출)","2020/07/10 13:15(2020/07/16 10:00)"
"용역","B5202002318-00","일반","테스트베드 연구용 고정밀 수문레이더 유지보수","한국수자원공사","한국수자원공사 연구관리처","제한경쟁","2020/07/10 13:15(2020/07/22 09:30)"
"용역","20200711114-00","일반","2020년 학생 일반건강검진 시행 용역","대구경북과학기술원","대구경북과학기술원","제한(총액) P.Q","2020/07/10 13:14(2020/07/20 12:00)"
"용역","20200711011-01","변경","함평 공공하수처리구역 하수관로 정비사업(2차) 기본 및 실시설계 용역","전라남도 함평군","전라남도 함평군","지명경쟁","2020/07/10 13:14(2020/07/16 10:00)"
"용역","20200711076-00","일반","대전공고 실습동 대수선 및 내진보강공사 가연성폐기물 운반 및 처리용역","대전광역시교육청","대전광역시교육청","수의(총액)소액-견적입찰(2인 이상 견적 제출)","2020/07/10 13:12(2020/07/17 10:00)"
"용역","20200710182-00","일반","김포국제공항 국제선 계류장 콘크리트 재포장공사 공사손해보험","한국공항공사 서울지역본부","한국공항공사 서울지역본부","제한(총액)","2020/07/10 13:11(2020/07/16 10:00)"
"용역","20200710979-00","일반","세종특별자치시 보육발전 5개년 계획 수립 연구용역(재)","세종특별자치시","세종특별자치시","일반(총액)협상에의한계약","2020/07/10 13:10(2020/07/21 10:00)"
"용역","20200711103-00","일반","노화 소당도청 취약지역 생활여건 개조사업 폐기물처리용역","전라남도 완도군","전라남도 완도군","수의(총액)소액-견적입찰(2인 이상 견적 제출)","2020/07/10 13:09(2020/07/16 10:00)"
"용역","20200597-01","변경","2020년도 한수원 사이버클린존 운영 유지보수 용역","한전KDN(주)","한전KDN(주)","제한(총액)협상에의한계약","2020/07/10 13:01(2020/08/20 11:00)"
"용역","20200598-01","변경","2020년도 한수원 사이버보안관제센터 업무 인력지원","한전KDN(주)","한전KDN(주)","일반(총액)규격가격동시","2020/07/10 13:01(2020/07/20 15:00)"
"용역","E012006143-00","일반","안면S/S 원산D/L 수지상구간 연계력 확보 VLF 진단용역(보령지사)","한국전력공사","재무자재부","제한(총액)","2020/07/10 12:50(2020/07/20 10:00)"
"용역","20200710912-00","긴급","2020년 한국컴패션 홈페이지/어플리케이션 API 개발 용역 (규격가격동시)","사회복지법인 한국컴패션","사회복지법인 한국컴패션","일반(총액)규격가격동시","2020/07/10 12:44(2020/07/21 16:00)"
"용역","20200711080-00","일반","평광동 큰마을~당남리간 배수관 부설공사 폐기물 운반 및 처리용역","대구광역시 상수도사업본부 동부사업소","대구광역시 상수도사업본부 동부사업소","수의(총액)소액-견적입찰(2인 이상 견적 제출)","2020/07/10 12:43(2020/07/16 10:30)"
"용역","20200711078-00","일반","도학삼거리~청소년 수련원간 배수관 부설공사 폐기물 운반 및 처리용역","대구광역시 상수도사업본부 동부사업소","대구광역시 상수도사업본부 동부사업소","수의(총액)소액-견적입찰(2인 이상 견적 제출)","2020/07/10 12:41(2020/07/16 10:00)"
"용역","20200710866-00","일반","창원시 아카이브시스템 고도화사업 용역","조달청 경남지방조달청","경상남도 창원시","수의(총액)","2020/07/10 12:14(2020/07/14 12:00)"
"용역","20200711066-00","일반","한의 빅데이터 공유·활용 서비스 개발","한국한의학연구원","한국한의학연구원","제한(총액)협상에의한계약","2020/07/10 12:01(-)"
"용역","20200709544-00","일반","2020학년도 안산디자인문화고등학교 도제역량강화 워크샵 위탁 용역","경기도교육청 안산디자인문화고등학교","경기도교육청 안산디자인문화고등학교","제한(총액)규격가격동시","2020/07/10 12:00(2020/07/21 14:00)"
"용역","20200711060-00","일반","네트워크 기반 전기자율차 One-Stop 기업지원플랫폼 구축 용역","한국자동차연구원","한국자동차연구원","일반(총액)협상에의한계약","2020/07/10 11:53(-)"
"용역","20200709291-00","일반","2020년도 거창적십자병원 진단검사의학과 수탁검사 용역 입찰","대한적십자사 거창적십자병원","대한적십자사 거창적십자병원","제한(총액)","2020/07/10 11:53(2020/07/17 14:00)"
"용역","20200711062-00","일반","한약처방 2종의 GLP 유전독성시험","한국한의학연구원","한국한의학연구원","제한(총액)협상에의한계약","2020/07/10 11:50(-)"
"용역","20200706193-01","취소","2020 성남 예술인 예술단체 실태조사","재단법인 성남문화재단","재단법인 성남문화재단","일반(총액)협상에의한계약","2020/07/10 11:49(-)"
"용역","20200710934-00","긴급","부산 해양신산업 미래융합인재 교육프로그램 개발 및 운영","재단법인부산테크노파크","재단법인부산테크노파크","제한(총액)협상에의한계약","2020/07/10 11:46(2020/07/21 15:00)"
"용역","20200710666-00","일반","거열빌라 진입도로(소로1-49호선)정비공사 폐기물처리용역","경상남도 거창군","경상남도 거창군","제한(총액)","2020/07/10 11:43(2020/07/20 10:00)"
"용역","20200711046-00","일반","2020년 한의약산업실태조사","한국한의학연구원","한국한의학연구원","제한(총액)협상에의한계약","2020/07/10 11:40(-)"
"용역","20200711039-00","긴급","2020년 지적재조사사업 측량 및 조사 수행자 선정","강원도 양구군","강원도 양구군","제한경쟁","2020/07/10 11:36(-)"
"용역","20200707221-01","변경","연구동 노후배관 교체 및 환경개선 폐기물처리용역","한국방송공사","한국방송공사","제한(총액)","2020/07/10 11:36(2020/07/16 10:00)"
"용역","20200711035-00","일반","상명대학교 2캠퍼스 자판기 위탁운영 업체 선정","상명대학교","상명대학교","제한(총액)협상에의한계약","2020/07/10 11:35(-)"
"용역","20200711024-00","긴급","119종합상황실 공간표준화를 위한 연구","소방청","소방청","제한(총액)협상에의한계약","2020/07/10 11:34(2020/07/21 14:00)"
"용역","20200711020-00","일반","신기술인증관리시스템 기능 개선","국토교통과학기술진흥원","국토교통과학기술진흥원","제한(총액)협상에의한계약","2020/07/10 11:30(-)"
"용역","20200710967-00","일반","e스포츠 선수 심리지원 프로그램 개발","(사)한국이스포츠협회","(사)한국이스포츠협회","일반(총액)협상에의한계약","2020/07/10 11:27(2020/07/20 17:00)"
"용역","20200704830-01","취소","아름다운 주거경관 개선사업(산내 대정리) 기본계획 및 실시설계용역","전라북도 남원시","전라북도 남원시","수의(총액)소액-견적입찰(2인 이상 견적 제출)","2020/07/10 11:26(2020/07/10 14:00)"
"용역","20200707003-02","취소","유수지 악취저감 기본계획 용역","서울특별시","서울특별시","일반경쟁","2020/07/10 11:25(2020/07/31 12:00)"
"용역","20200710995-00","일반","2020 대한민국 균형발전박람회 부산 전시관 설치, 운영 용역","부산광역시","부산광역시","제한(총액)협상에의한계약","2020/07/10 11:23(2020/07/21 15:00)"
"용역","20200706555-01","취소","119종합상황실 공간표준화를 위한 연구","소방청","소방청","제한(총액)협상에의한계약","2020/07/10 11:21(2020/07/20 15:00)"
"용역","E012006150-00","일반","청계면 도대리 무안공항진입도로확포장 지장전주 감리용역","한국전력공사","재무자재부","제한(총액)","2020/07/10 11:20(2020/07/16 12:00)"
"용역","20200710996-00","긴급","국도22호선 영광 신천지구 교차로 개선공사 소규모환경영향평가용역","국토교통부 익산지방국토관리청 광주국토관리사무소","국토교통부 익산지방국토관리청 광주국토관리사무소","제한경쟁","2020/07/10 11:19(2020/07/16 10:00)"
"용역","20200710760-00","긴급","2020 전라북도 제55회 전국기능경기대회 제7경기장 구축 용역 입찰 공고","전라북도교육청 군산기계공업고등학교","전라북도교육청 군산기계공업고등학교","일반(총액)규격가격동시","2020/07/10 11:14(2020/07/21 10:00)"
"용역","20200710969-00","일반","음식점 등 주방화재 관련 소화설비 설치개선 방안 연구 용역","한국소방산업기술원","한국소방산업기술원","제한(총액)협상에의한계약","2020/07/10 11:13(2020/07/20 10:00)"
"용역","20200701927-00","일반","2020대구아트페어 부스설치 용역 입찰 공고","대구화랑협회","대구화랑협회","제한(총액)","2020/07/10 11:07(2020/07/17 15:00)"
"용역","20200709402-01","변경","프로스포츠 정보광장 웹사이트 기능 고도화","(사)한국프로스포츠협회","(사)한국프로스포츠협회","제한(총액)협상에의한계약","2020/07/10 11:06(2020/07/20 14:00)"
"용역","20200710944-00","일반","인천계양초등학교 상야분교 옥상방수 및 외벽개선 전기공사 설계용역","인천광역시교육청 인천광역시서부교육지원청","인천광역시교육청 인천광역시서부교육지원청","수의(총액)소액-견적입찰(2인 이상 견적 제출)","2020/07/10 11:05(2020/07/16 10:00)"
"용역","20200710948-00","긴급","자라섬 수변생태 관광벨트 조성사업 기본 및 실시설계용역 지명경쟁(가격입찰)","경기도 가평군","경기도 가평군","지명경쟁","2020/07/10 11:04(2020/07/16 10:00)"
"용역","20200710796-00","긴급","2020년 중소기업기술혁신센터 행사운영","조달청 대전지방조달청","중소기업기술정보진흥원","수의(총액)","2020/07/10 11:03(2020/07/15 16:00)"
"용역","P2020-00063-00","일반","우즈베키스탄 우르겐치 직업훈련원 건립 및 직업훈련 제도역량 공고화 지원사업 PMC 용역","한국국제협력단","한국국제협력단"," ","2020/07/10 11:00(2020/08/20 16:00)"
"용역","B5202002310-00","일반","완도수도관리단 슬러지 재활용 처리용역","한국수자원공사","한국수자원공사 완도수도관리단","수의계약","2020/07/10 11:00(2020/07/15 12:00)"
"용역","P2020-00057-00","일반","(긴급) 미얀마 자동차 통합정보관리시스템 구축 사업 마스터플랜수립 및 사업관리(PMC) 용역","한국국제협력단","한국국제협력단"," ","2020/07/10 11:00(2020/08/05 16:00)"
"용역","20200710908-00","일반","국유재산 화재보험 및 가스사고배상책임보험 가입 입찰공고","과학기술정보통신부 우정사업본부 경북지방우정청","과학기술정보통신부 우정사업본부 경북지방우정청","제한(총액)","2020/07/10 10:59(2020/07/20 10:00)"
"용역","20200708999-00","일반","동신중 강당수선공사 설계용역","대전광역시교육청 대전광역시동부교육지원청","대전광역시교육청 대전광역시동부교육지원청","수의(총액)소액-견적입찰(2인 이상 견적 제출)","2020/07/10 10:58(2020/07/17 10:00)"
"용역","2020-02-000440-00","일반","호남선 서대전~가수원 등 22개소 재해예방시설개량공사 감독 권한대행 등 건설사업관리용역","한국철도시설공단","한국철도시설공단","제한경쟁","2020/07/10 10:57(2020/08/13 13:00)"
"용역","20200710897-01","변경","충주연수2 외 8개단지 보일러 세관업체 선정","주택관리공단(주)","주택관리공단(주)","일반(총액)","2020/07/10 10:57(2020/07/20 18:00)"
"용역","2020-02-000439-00","일반","경부선 영동~황간 등 26개소 재해예방시설개량공사 감독 권한대행 등 건설사업관리용역","한국철도시설공단","한국철도시설공단","제한경쟁","2020/07/10 10:57(2020/08/13 13:00)"
"용역","20200710803-00","긴급","임산물 국가통합브랜드 품질기준 수립","조달청 서울지방조달청","한국임업진흥원","수의(총액)","2020/07/10 10:56(2020/07/14 16:00)"
"용역","20200704636-01","취소","2020년 한국컴패션 홈페이지/어플리케이션 API 개발 용역 취소 공고","사회복지법인 한국컴패션","사회복지법인 한국컴패션","제한(총액)협상에의한계약","2020/07/10 10:55(2020/07/20 10:00)"
"용역","20200710692-00","일반","서울번동2외 8개단지 보일러 세관 용역","주택관리공단(주)","주택관리공단(주)","일반(총액)","2020/07/10 10:55(2020/07/21 18:00)"
"용역","20200710921-00","일반","경기농식품 수출DB 다국어 번역 용역","재단법인경기농식품유통진흥원","재단법인경기농식품유통진흥원","수의(총액)소액수의","2020/07/10 10:55(2020/07/15 11:00)"
"용역","20200710878-00","긴급","포항시립미술관 제2관 건립 타당성 용역(긴급)","경상북도 포항시 평생학습원","경상북도 포항시 평생학습원","제한(총액)","2020/07/10 10:54(2020/07/15 15:00)"
"용역","20200710932-00","일반","2020년 김해시 스마트 경영실습 임대농장 조성사업 세부설계 용역","한국농어촌공사 경남지역본부 김해.양산.부산지사","한국농어촌공사 경남지역본부 김해.양산.부산지사","수의(총액)소액-견적입찰(2인 이상 견적 제출)","2020/07/10 10:53(2020/07/16 10:00)"
"용역","20200710891-00","일반","한국 문화예술 재원흐름 동향조사: 분석 프레임 설정을 중심으로","한국문화예술위원회","한국문화예술위원회","일반(총액)협상에의한계약","2020/07/10 10:52(2020/07/24 17:00)"
"용역","20200710924-00","일반","가칭)서남4중학교 신축공사 건설페기물 처리용역","대전광역시교육청","대전광역시교육청","수의(총액)소액-견적입찰(2인 이상 견적 제출)","2020/07/10 10:52(2020/07/17 10:00)"
"용역","20200710874-00","일반","2009~2020 공연장상주단체육성 사업성과 연구·조사 및 2020년 사업모니터링","한국문화예술위원회","한국문화예술위원회","일반(총액)협상에의한계약","2020/07/10 10:51(2020/07/24 17:00)"
"용역","20200710906-00","일반","가칭)제2책보고 건립을 위한 사전조사 용역","서울특별시 서울도서관","서울특별시 서울도서관","제한(총액)협상에의한계약","2020/07/10 10:46(2020/07/21 16:00)"
"용역","20200710904-00","일반","서산하수처리장 증설 및 기능정상화 시설공사 건설폐기물(폐콘크리트) 처리용역","한국환경공단 호남권지역본부","한국환경공단 호남권지역본부","수의(총액)소액-견적입찰(2인 이상 견적 제출)","2020/07/10 10:45(2020/07/16 10:00)"
"용역","20200710881-01","변경","K-관광 디지털 서포터즈 활용 홍보사업 운영","한국관광공사","한국관광공사","제한(총액)협상에의한계약","2020/07/10 10:44(2020/07/21 16:00)"
"용역","20200710903-00","일반","가칭)서남4중학교 신축공사 건설폐기물 운반용역","대전광역시교육청","대전광역시교육청","수의(총액)소액-견적입찰(2인 이상 견적 제출)","2020/07/10 10:44(2020/07/17 10:00)"
"용역","20200705597-00","긴급","강원 귀어귀촌 홍보영상 제작","강릉원주대학교 산학협력단","강릉원주대학교 산학협력단","제한(총액)협상에의한계약","2020/07/10 10:44(2020/07/20 17:00)"
"용역","20200710889-00","일반","차(茶) 뷰티제품 개발","하동군신활력플러스사업추진단","하동군신활력플러스사업추진단","일반(총액)협상에의한계약","2020/07/10 10:42(-)"
"용역","20200710900-00","일반","청주시 생활폐기물 처리시설 통합환경허가 용역","충청북도 청주시","충청북도 청주시","제한경쟁","2020/07/10 10:40(2020/07/16 10:00)"
"용역","20200710893-00","일반","길음2,3리 일원 하수관거 정비공사 GIS구축 용역","경기도 평택시 상하수도사업소","경기도 평택시 상하수도사업소","제한경쟁","2020/07/10 10:39(2020/07/20 10:00)"
"용역","20200708985-00","일반","대전버드내초 강당수선공사 설계용역","대전광역시교육청 대전광역시동부교육지원청","대전광역시교육청 대전광역시동부교육지원청","수의(총액)소액-견적입찰(2인 이상 견적 제출)","2020/07/10 10:36(2020/07/17 10:00)"
"용역","20200710872-00","일반","탄천·한강 정비 및 탄천보행교 신설 사업 소규모 환경영향평가 용역","서울특별시","서울특별시","제한경쟁","2020/07/10 10:33(2020/07/21 10:00)"
"용역","20200522437-03","취소","김해시 상수도 관망기술진단 용역 용역사업 집행계획 및 사업수행능력 평가서 제출안내 공고","경상남도 김해시","경상남도 김해시","지명경쟁","2020/07/10 10:32(-)"
"용역","20200710822-00","일반","금화터널 제연설비 설치공사 실시설계용역","서울특별시","서울특별시 도로사업소 서부도로사업소","일반경쟁","2020/07/10 10:32(2020/08/05 10:00)"
"용역","20200710875-00","일반","(가칭)서부(상주)수학체험센터 증·개축공사 설계용역","경상북도교육청 경상북도상주교육지원청","경상북도교육청 경상북도상주교육지원청","제한경쟁","2020/07/10 10:31(2020/07/22 10:00)"
"용역","20200707539-00","일반","대전문창초 화장실수선공사 설계용역","대전광역시교육청 대전광역시동부교육지원청","대전광역시교육청 대전광역시동부교육지원청","수의(총액)소액-견적입찰(2인 이상 견적 제출)","2020/07/10 10:29(2020/07/17 10:00)"
"용역","20200710819-00","일반","서희청소년문화센터 부지내 공영주차장 조성사업(폐기물처리용역)","경기도 이천시","경기도 이천시","수의(총액)소액수의","2020/07/10 10:28(2020/07/20 11:00)"
"용역","20200710695-00","긴급","2020년 디지털문화유산콘텐츠 제작 및 보급(디지털문화유산 교육상자)","조달청","문화재청","일반(총액)협상에의한계약","2020/07/10 10:28(2020/07/22 10:00)"
"용역","20200710863-00","긴급","(협상에 의한 계약) 2020년 강남페스티벌 중장기 발전계획 수립 연구 용역","서울특별시 강남구","서울특별시 강남구","제한(총액)협상에의한계약","2020/07/10 10:27(-)"
"용역","20200710860-00","긴급","2020년 광역 버스정보시스템(BIS) 구축 용역","한국교통안전공단","한국교통안전공단","제한(총액)협상에의한계약","2020/07/10 10:26(2020/07/20 12:00)"
"용역","20200710424-00","긴급","하남시 스마트시티 통합플랫폼 기반 구축 사업","경기도 하남시","경기도 하남시","제한(총액)협상에의한계약","2020/07/10 10:26(2020/07/22 10:00)"
"용역","20200709431-00","일반","2020년 정보화사업 통합감리용역","조달청 서울지방조달청","헌법재판소","제한(총액)협상에의한계약","2020/07/10 10:25(2020/07/21 10:00)"
"용역","20200707518-00","일반","대전보운초 화장실수선공사 설계용역","대전광역시교육청 대전광역시동부교육지원청","대전광역시교육청 대전광역시동부교육지원청","수의(총액)소액-견적입찰(2인 이상 견적 제출)","2020/07/10 10:22(2020/07/17 10:00)"
"용역","20200710839-00","긴급","G-FAIR KOREA 2020 전시회 대행용역(긴급)","(재)경기도경제과학진흥원","(재)경기도경제과학진흥원","제한(총액)협상에의한계약","2020/07/10 10:19(2020/07/21 11:00)"
"용역","20200705997-01","변경","앵강만 다도해 전망대 조성사업 설계공모(지명설계공모)","경상남도 남해군","경상남도 남해군","일반경쟁","2020/07/10 10:18(-)"
"용역","20200710834-00","일반","디지털 트랜스포메이션 수용성 확보를 위한 조사","한국정보화진흥원","한국정보화진흥원","제한(총액)협상에의한계약","2020/07/10 10:18(2020/07/21 10:00)"
"용역","20200709650-01","변경","‘글로벌섬유패션공급망역량강화사업’ 온라인 Show Room 시스템 구축 용역","사단법인 한국섬유마케팅센터","사단법인 한국섬유마케팅센터","일반(총액)","2020/07/10 10:18(-)"
"용역","E012006125-00","일반","제천시 의림지 지중화공사 VLF진단 용역","한국전력공사","재무자재부","제한(총액)","2020/07/10 10:15(2020/07/20 10:00)"
"용역","20200709452-00","일반","삼가한우 브랜드 UP사업 용역","조달청","경상남도 합천군","일반(총액)협상에의한계약","2020/07/10 10:14(2020/07/31 10:00)"
"용역","20200710816-00","일반","구둔역 관광자원화사업 기본계획 및 실시설계 용역","경기도 양평군","경기도 양평군","일반(총액)협상에의한계약","2020/07/10 10:08(-)"
"용역","20200709516-00","일반","가상화 시스템 운영서버 증설 및 개선","조달청 경남지방조달청","한국저작권위원회","제한(총액)협상에의한계약","2020/07/10 10:06(2020/07/21 12:00)"
"용역","2002525-00","일반","(긴급)이천중리 공동 택지개발사업 사업비 정산 용역","한국토지주택공사","한국토지주택공사","일반경쟁","2020/07/10 10:05(2020/07/22 17:00)"
"용역","20200710807-00","일반","평창군 도시경관 기록 및 관리시스템 구축 용역","강원도 평창군","강원도 평창군","일반(총액)협상에의한계약","2020/07/10 10:02(-)"
"용역","20200708965-00","일반","2020찾아가는 도자문화아카데미 온라인 교육용 교재교구 제작대행 제안공모(협상에 의한 계약)","재단법인 한국도자재단","재단법인 한국도자재단","제한(총액)협상에의한계약","2020/07/10 10:02(-)"
"용역","20200710798-00","일반","복합환경진동시험기(16톤) 연간유지보수 용역","재단법인 경북테크노파크","재단법인 경북테크노파크","수의(총액)소액수의","2020/07/10 09:59(2020/07/15 12:00)"
"용역","20200710376-01","변경","도림로 확장공사 건설폐기물 운반 및 처리","서울특별시 영등포구","서울특별시 영등포구","수의(총액)소액수의","2020/07/10 09:58(2020/07/15 14:00)"
"용역","20200709488-01","취소","홍천군 청사 제2주차장 조성사업(건축) 실시설계용역","조달청 강원지방조달청","강원도 홍천군","PQ+기타","2020/07/10 09:58(2020/07/29 10:00)"
"용역","20200710784-00","일반","2020년 하반기 도시공원 청소관리용역(상당)","충청북도 청주시","충청북도 청주시","제한(총액)","2020/07/10 09:56(2020/07/20 10:00)"
"용역","20200708616-00","일반","익산초 외 2교(왕궁초,이리공고) 지정폐기물 처리용역","전라북도교육청 전라북도익산교육지원청","전라북도교육청 전라북도익산교육지원청","수의(총액)소액-견적입찰(2인 이상 견적 제출)","2020/07/10 09:56(2020/07/16 10:00)"
"용역","P2020474-01","변경","한전KDN 강릉지사 사옥 리모델링 설계용역","한전KDN(주)","한전KDN(주)","수의(총액)","2020/07/10 09:56(2020/07/10 14:00)"
"용역","20200710782-00","일반","2020 쌀가공품 TOP10 소셜커머스 입점 및 판촉 운영 용역 선정","(사)한국쌀가공식품협회","(사)한국쌀가공식품협회","제한(총액)협상에의한계약","2020/07/10 09:53(-)"
"용역","20200710773-00","일반","광역소공인특화지원센터 구축 및 운영모델 지원 연구용역","(재)서울산업진흥원","(재)서울산업진흥원","제한(총액)협상에의한계약","2020/07/10 09:52(2020/07/21 15:00)"
"용역","20200710413-00","긴급","진주성 종합정비계획 수립 용역","경상남도 진주시","경상남도 진주시","제한(총액)협상에의한계약","2020/07/10 09:50(2020/07/21 17:00)"
"용역","20200710774-00","일반","신기술·신제품의 공공조달 시장 진입 활성화를 위한 선제적 규제혁파 로드맵 수립","한국생산기술연구원","한국생산기술연구원","제한(총액)협상에의한계약","2020/07/10 09:49(2020/07/21 12:00)"
"용역","20200710447-00","긴급","하수관로 신설(확충)사업[강변처리구역(북구 제척지 일원)] 건설폐기물처리용역","부산광역시","부산광역시 건설본부","일반(총액)","2020/07/10 09:49(2020/07/21 10:00)"
"용역","20200710757-00","일반","2020년 동북아역사DB 구축사업","동북아역사재단","동북아역사재단","일반(총액)협상에의한계약","2020/07/10 09:48(2020/07/23 11:00)"
"용역","P2020473-01","변경","2020년도 5직급의 4직급 전환 외부용역","한전KDN(주)","한전KDN(주)","수의(총액)","2020/07/10 09:48(2020/07/10 15:00)"
"용역","20200710766-00","일반","대전둔산1 외 5개단지 보일러 세관용역업체 선정 입찰","주택관리공단(주)","주택관리공단(주)","일반(총액)","2020/07/10 09:47(2020/07/20 18:00)"
"용역","E012006138-00","일반","안면S/S 원산D/L 수지상구간 연계력 확보공사 감리용역(보령지사)","한국전력공사","재무자재부","제한(총액)","2020/07/10 09:47(2020/07/20 10:00)"
"용역","20200710717-02","변경","2020학년도 일광초등학교 돌봄교실 방학 중 위탁급식 업체 선정 소액수의 견적 공고","부산광역시교육청 부산광역시해운대교육지원청 일광초등학교","부산광역시교육청 부산광역시해운대교육지원청 일광초등학교","수의(단가)소액수의","2020/07/10 09:46(2020/07/16 10:00)"
"용역","20200710763-00","일반","[긴급] 경기대학교 KG-MOOC 콘텐츠 위탁 개발","경기대학교","경기대학교","일반경쟁","2020/07/10 09:42(-)"
"용역","20200710745-00","일반","하남3지구 도시개발사업 시설물 보완공사(2차) 건설폐기물 처리용역","광주광역시","광주광역시","수의(총액)소액수의","2020/07/10 09:41(2020/07/16 12:00)"
"용역","20200710756-00","긴급","2020년 대한민국 균형발전 박람회 서울시 전시관 설치운영 용역","서울특별시","서울특별시","제한(총액)협상에의한계약","2020/07/10 09:41(2020/07/21 15:00)"
"용역","20200710200-00","일반","인천신광초 내진보강공사 설계용역","인천광역시교육청 인천광역시남부교육지원청","인천광역시교육청 인천광역시남부교육지원청","수의(총액)소액-견적입찰(2인 이상 견적 제출)","2020/07/10 09:41(2020/07/16 10:00)"
"용역","20200709392-01","변경","2020년 조선산업지원센터 무인경비용역(입찰대행)","전라남도","전라남도","수의(총액)소액수의","2020/07/10 09:39(2020/07/15 10:00)"
"용역","20200708785-00","일반","UNIC 기업 핵심기술수요 발굴 지원사업","성균관대학교기술지주 주식회사","성균관대학교기술지주 주식회사","일반경쟁","2020/07/10 09:39(2020/07/20 18:00)"
"용역","20200710333-01","취소","범서초 교사동 화장실개선공사 건설폐기물처리용역(중간처리)","울산광역시교육청 울산광역시강남교육지원청","울산광역시교육청 울산광역시강남교육지원청","수의(총액)소액-견적입찰(2인 이상 견적 제출)","2020/07/10 09:38(2020/07/15 10:00)"
"용역","20200710168-00","일반","용현여중 교사동 석면교체공사 설계용역","인천광역시교육청 인천광역시남부교육지원청","인천광역시교육청 인천광역시남부교육지원청","수의(총액)소액-견적입찰(2인 이상 견적 제출)","2020/07/10 09:37(2020/07/16 10:00)"
"용역","20200710747-00","일반","대전문화1 외 7개단지 보일러 세관용역업체 선정 입찰","주택관리공단(주)","주택관리공단(주)","일반(총액)","2020/07/10 09:36(2020/07/20 18:00)"
"용역","20200710723-00","일반","2021학년도 오프라인 입시홍보 대행용역","아이씨티폴리텍(ICTPolytech)대학","아이씨티폴리텍(ICTPolytech)대학","제한(총액)","2020/07/10 09:36(2020/07/22 12:00)"
"용역","20200710751-00","긴급","GTI 국제무역투자박람회 온라인 플랫폼 구축 용역","재단법인 강원도경제진흥원","재단법인 강원도경제진흥원","제한(총액)협상에의한계약","2020/07/10 09:35(2020/07/20 17:00)"
"용역","20200710734-00","일반","(가칭)3.1운동 충남 백년의 집, 도립미술관 전시콘텐츠 기획 및 프로그램 운영 방안 연구용역","재단법인 충남문화산업진흥원","재단법인 충남문화산업진흥원","제한(총액)협상에의한계약","2020/07/10 09:32(2020/07/31 16:00)"
"용역","20200709586-01","변경","청년창업복합단지 조성사업 설계변경용역","남양주도시공사","남양주도시공사","수의(총액)소액-견적입찰(2인 이상 견적 제출)","2020/07/10 09:28(2020/07/16 10:30)"
"용역","20200710236-00","일반","서신초 외2교(팔탄초 대방분교, 화성월문초)보차도 분리개선공사 건설폐기물처리 용역","경기도교육청 경기도화성오산교육지원청","경기도교육청 경기도화성오산교육지원청","수의(총액)소액-견적입찰(2인 이상 견적 제출)","2020/07/10 09:28(2020/07/15 16:00)"
"용역","20200710729-00","긴급","은평구 관내 취약계층 이용시설 그린 리모델링 지원사업","한국환경산업기술원","한국환경산업기술원","제한(총액)협상에의한계약","2020/07/10 09:25(2020/07/21 10:00)"
"용역","20200709418-01","취소","수도권광역급행철도(GTX-C) 왕십리역 신설 사전타당성 조사 연구용역","서울특별시 성동구","서울특별시 성동구","일반(총액)협상에의한계약","2020/07/10 09:18(-)"
"용역","20200710713-00","일반","2020년 대전 온라인 일자리박람회 용역","재단법인 대전경제통상진흥원","재단법인 대전경제통상진흥원","일반(총액)협상에의한계약","2020/07/10 09:17(2020/07/21 10:00)"
"용역","E042000352-00","일반","부산발전본부 환경원격감시설비(TMS) 위탁정비용역","한국남부발전주식회사","총무기획부","제한(총액)","2020/07/10 09:16(2020/08/03 10:00)"
"용역","20200710022-00","일반","인천도서관 건립 타당성 검토 용역","인천광역시","인천광역시","수의(총액)소액수의","2020/07/10 09:14(2020/07/16 10:00)"
"용역","20200707640-00","일반","천안시계-연기소정 도로건설공사 등 3개소 건설사업관리(설계단계) 및 설계VE용역","국토교통부 대전지방국토관리청","국토교통부 대전지방국토관리청","제한경쟁","2020/07/10 09:13(2020/07/20 12:00)"
"용역","20200705599-00","일반","대전경찰청 무인교통단속장비 통신망 이동통신사업","조달청","경찰청 대전광역시지방경찰청","수의(총액)","2020/07/10 09:10(2020/07/14 15:00)"
"용역","20200710701-00","일반","경북산업기술단지 거점기능강화사업 운영 인력 파견용역","재단법인 경북테크노파크","재단법인 경북테크노파크","제한(총액)","2020/07/10 09:06(2020/07/20 12:00)"
"용역","20200710369-00","일반","주택건설공사 감리자(건축) 모집 공고(울산다운지역주택조합)","울산광역시 중구","울산광역시 중구","일반경쟁","2020/07/10 09:06(2020/07/22 14:00)"
"용역","20200710445-00","일반","주택건설공사 감리자(전기) 모집 공고(울산다운지역주택조합)","울산광역시 중구","울산광역시 중구","일반경쟁","2020/07/10 09:04(2020/07/22 14:00)"
"용역","20200709767-00","일반","경산 청년 희망 창업오디션 시장조사 및 컨설팅","(재)경북창조경제혁신센터","(재)경북창조경제혁신센터","일반(총액)협상에의한계약","2020/07/10 09:03(-)"
"용역","20200710204-00","일반","교통약자 보호구역 정비사업 실시설계 용역","인천광역시 부평구","인천광역시 부평구","제한경쟁","2020/07/10 09:03(2020/07/16 10:00)"
"용역","20200710698-00","일반","대구신서초등학교 내진성능평가 및 내진보강 설계용역(정기안전점검 포함)","대구광역시교육청 대구광역시남부교육지원청","대구광역시교육청 대구광역시남부교육지원청","제한경쟁","2020/07/10 09:01(2020/07/20 10:00)"
"용역","20200708432-00","일반","국가공무원인재개발원 실내체육관 건립 폐기물 처리 용역","조달청 충북지방조달청","인사혁신처 국가공무원인재개발원","제한(총액)","2020/07/10 09:00(2020/07/22 10:00)"
"용역","20200709110-00","긴급","[일반용역-조달] 2020년 지역사회 감염병 대응 역량 강화","조달청","보건복지부 질병관리본부","수의(총액)","2020/07/10 09:00(2020/07/16 14:00)"
"용역","KRA2020070190-00","일반","한국마사회 온라인 발매 서비스 고도화 및 미래 대응 체계 구축 감리 용역(재공고)","한국마사회","한국마사회","제한(총액)협상에의한계약","2020/07/10 09:00(2020/07/23 13:00)"
"용역","2020MCD004827723-02","재입찰","표준 데이터에 의한 군 유류관리 운용방안 연구","국방부","국방부(총무팀)","일반(총액)","2020/07/10 09:00(2020/07/21 10:00)"
"용역","2020LGP014230801-01","일반","시스템 냉난방기 분해세척조립 용역","국방부 조달본부 원주1군지사","제5378부대","제한(총액)","2020/07/10 09:00(2020/07/20 10:30)"
"용역","2020LGP014130794-02","취소","시스템 냉난방기 분해세척조립 용역","국방부 조달본부 원주1군지사","제5378부대","제한(총액)","2020/07/10 09:00(2020/07/20 10:30)"
"용역","2020MDR002930868-01","긴급","부대 소개 영상 제작 사업","국군제9965부대","제9965부대","일반(총액)","2020/07/10 09:00(2020/07/31 11:00)"
"용역","2020MHD006530853-01","긴급","방위사업 원가계산 외부용역(15차)","방위사업청","방위사업청(운영지원과)","일반(총액)","2020/07/10 09:00(2020/07/21 14:00)"
"용역","2020MHD006430851-01","긴급","방위사업 원가계산 외부용역(14차)","방위사업청","방위사업청(운영지원과)","일반(총액)","2020/07/10 09:00(2020/07/21 14:00)"
"용역","2020MHD006330848-01","긴급","방위사업 원가계산 외부용역(13차)","방위사업청","방위사업청(운영지원과)","일반(총액)","2020/07/10 09:00(2020/07/21 14:00)"
"용역","2020SCL008630759-01","일반","몽골텐트 7동 임차 용역","국방부 해군사관학교","해군사관학교","수의(총액)","2020/07/10 09:00(2020/07/16 10:00)"
"용역","2020LHP01292020-14287-01","일반","노후상수도교체(3개부대)폐기물처리(144호)","육군제5861부대","제5861부대","수의(총액)","2020/07/10 09:00(2020/07/16 10:00)"
"용역","2020HCG003230804-01","일반","김해기지 항공교통관제 운영 개선방안 연구용역","국방부 공군본부","공군본부","일반(총액)","2020/07/10 09:00(2020/07/21 11:00)"
"용역","2020UMM030316555-04","재입찰","군 시설물 PC공법 적용 방안 연구용역","국방부 국군재정관리단","국군재정관리단","일반(총액)","2020/07/10 09:00(2020/07/20 10:30)"
"용역","2020HCG003027828-03","취소","국내개발 항공기 성능개량 및 관리방안 연구용역","국방부 공군본부","공군본부","일반(총액)","2020/07/10 09:00(2020/07/21 11:00)"
"용역","2020HCG002722215-03","재입찰","국내개발 항공기 성능개량 및 관리(대체)방안 연구","국방부 공군본부","공군본부","일반(총액)","2020/07/10 09:00(2020/07/21 11:00)"
"용역","B2020-000443-00","일반","KISTI 정보시스템 전산장비 이전","한국과학기술정보연구원","한국과학기술정보연구원","제한경쟁","2020/07/10 09:00(2020/07/21 11:00)"
"용역","2020HCF013229299-02","재입찰","J85 시험대 항공기 엔진용장비 외주정비","공군군수사령부","공군군수사령부","제한(총액)","2020/07/10 09:00(2020/07/16 10:00)"
"용역","2020LPM01242020-14131-01","일반","00부대 해강안 경계 사업(폐기물처리용역)","육군 제 3182부대","제3182부대","수의(총액)","2020/07/10 09:00(2020/07/16 10:00)"
"용역","2020LPM01292020-14276-01","일반","00부대 제초용역(한강)","육군 제 3182부대","제3182부대","수의(총액)","2020/07/10 09:00(2020/07/16 10:00)"
"용역","2020LPM01282020-14277-01","일반","00부대 제초용역(임진강)","육군 제 3182부대","제3182부대","수의(총액)","2020/07/10 09:00(2020/07/16 10:00)"
"용역","2020LCF004630812-01","일반","00보급단 노후케이블 교체공사 통신감리 용역","국방부 육군군수사령부","육군군수사령부","수의(총액)","2020/07/10 09:00(2020/07/16 10:00)"
"용역","20200710674-00","일반","나라키움 부산 남구 복합청사 개발사업 건설사업관리용역","한국자산관리공사","한국자산관리공사","일반경쟁","2020/07/10 08:58(2020/08/19 15:00)"
"용역","20200710697-00","일반","대구대곡초등학교 외 5교 냉난방개선 및 기타 기계설비공사 설계용역","대구광역시교육청 대구광역시남부교육지원청","대구광역시교육청 대구광역시남부교육지원청","수의(총액)소액-견적입찰(2인 이상 견적 제출)","2020/07/10 08:54(2020/07/16 10:00)"
"용역","20200706484-00","일반","상면초 교사1, 2호동 내진보강 비선형해석(성능기반해석) 및 내진보강(구조) 설계용역","경기도교육청 경기도가평교육지원청","경기도교육청 경기도가평교육지원청","수의(총액)소액-견적입찰(2인 이상 견적 제출)","2020/07/10 08:54(2020/07/16 10:00)"
"용역","20200710693-00","일반","대구남부초등학교 외 6교 냉난방개선 및 기타 기계설비공사 설계용역","대구광역시교육청 대구광역시남부교육지원청","대구광역시교육청 대구광역시남부교육지원청","수의(총액)소액-견적입찰(2인 이상 견적 제출)","2020/07/10 08:49(2020/07/16 10:00)"
"용역","20200710087-00","일반","서울종암초등학교 위탁급식(벌크식) 업체 선정 공고","서울특별시동부교육청 서울종암초등학교","서울특별시동부교육청 서울종암초등학교","제한(단가)규격가격동시","2020/07/10 08:47(2020/07/21 14:00)"
"용역","20200707389-01","취소","군외 근린생활형 국민체육센터 건립사업 감리용역","전라남도 완도군","전라남도 완도군","제한경쟁","2020/07/10 08:46(2020/07/13 10:00)"
"용역","20200710689-00","일반","의성군 모흥1리마을 LPG배관망 구축사업 건설폐기물 처리용역","재단법인 한국엘피지배관망사업단","재단법인 한국엘피지배관망사업단","수의(단가)소액-견적입찰(2인 이상 견적 제출)","2020/07/10 08:41(2020/07/20 14:00)"
"용역","20200710688-00","일반","대구이곡초등학교 내진성능평가 및 내진보강 설계용역(정기안전점검 포함)","대구광역시교육청 대구광역시남부교육지원청","대구광역시교육청 대구광역시남부교육지원청","수의(총액)소액-견적입찰(2인 이상 견적 제출)","2020/07/10 08:39(2020/07/16 10:00)"
"용역","20200710687-00","일반","2020년 대학알리미 모바일웹 구축 사업 감리","한국대학교육협의회","한국대학교육협의회","일반경쟁","2020/07/10 08:38(-)"
"용역","20200710684-00","일반","대구성지초등학교 내진성능평가 및 내진보강 설계용역(정기안전점검 포함)","대구광역시교육청 대구광역시남부교육지원청","대구광역시교육청 대구광역시남부교육지원청","수의(총액)소액-견적입찰(2인 이상 견적 제출)","2020/07/10 08:34(2020/07/16 10:00)"
"용역","20200710683-00","일반","대구성곡초등학교 내진성능평가 및 내진보강 설계용역(정기안전점검 포함)","대구광역시교육청 대구광역시남부교육지원청","대구광역시교육청 대구광역시남부교육지원청","수의(총액)소액-견적입찰(2인 이상 견적 제출)","2020/07/10 08:28(2020/07/16 10:00)"
"용역","20200710678-00","일반","경혜여자중학교 내진성능평가 및 내진보강 설계용역(정기안전점검 포함)","대구광역시교육청 대구광역시남부교육지원청","대구광역시교육청 대구광역시남부교육지원청","수의(총액)소액-견적입찰(2인 이상 견적 제출)","2020/07/10 08:22(2020/07/16 10:00)"
"용역","20200709473-00","긴급","보안면사무소 건설폐기물 처리 용역 전자입찰 공고","전라북도 부안군","전라북도 부안군","제한(총액)","2020/07/10 08:21(2020/07/16 11:00)"
"용역","20200710672-01","변경","대구장기초등학교 내진성능평가 및 내진보강 설계용역(정기안전점검 포함)","대구광역시교육청 대구광역시남부교육지원청","대구광역시교육청 대구광역시남부교육지원청","수의(총액)소액-견적입찰(2인 이상 견적 제출)","2020/07/10 08:16(2020/07/16 10:00)"
"용역","20200710675-00","일반","대구선원초등학교 내진성능평가 및 내진보강 설계용역(정기안전점검 포함)","대구광역시교육청 대구광역시남부교육지원청","대구광역시교육청 대구광역시남부교육지원청","수의(총액)소액-견적입찰(2인 이상 견적 제출)","2020/07/10 08:14(2020/07/16 10:00)"
"용역","202000796-00","일반","디지털 SOC 구현을 위한 AI 로드맵 수립 추진방안 연구용역","한국도로공사","한국도로공사 본사","제한(총액)","2020/07/10 00:00(2020/07/28 10:00)"
"용역","202000797-00","일반","고속도로 네트워크를 활용한 스마트 물류사업 타당성 조사 용역","한국도로공사","한국도로공사 본사","일반(총액)","2020/07/10 00:00(2020/08/20 11:00)"
